aimag,soum,lat,lon,year,month,avg_temp,min_temp,wind_speed,snowfall_sum,precip_sum
Ömnögovi,Bayan-Ovoo,44.883333,104.433333,2015,1,-10.781,-24.1,16.774,0.49,0.1
Ömnögovi,Bayan-Ovoo,44.883333,104.433333,2015,2,-8.0,-23.0,20.471,0.35,0.0
Ömnögovi,Bayan-Ovoo,44.883333,104.433333,2015,3,-0.419,-15.6,23.719,1.12,0.3
Ömnögovi,Bayan-Ovoo,44.883333,104.433333,2015,4,8.583,-12.2,27.193,0.56,6.4
Ömnögovi,Bayan-Ovoo,44.883333,104.433333,2015,5,14.035,-2.2,28.826,2.73,9.6
Ömnögovi,Bayan-Ovoo,44.883333,104.433333,2015,6,18.913,5.3,25.06,0.0,49.8
Ömnögovi,Bayan-Ovoo,44.883333,104.433333,2015,7,23.1,10.4,22.952,0.0,21.9
Ömnögovi,Bayan-Ovoo,44.883333,104.433333,2015,8,22.848,9.8,22.713,0.0,8.0
Ömnögovi,Bayan-Ovoo,44.883333,104.433333,2015,9,14.263,0.5,23.37,2.1,27.8
Ömnögovi,Bayan-Ovoo,44.883333,104.433333,2015,10,6.432,-10.0,22.155,0.77,3.2
Ömnögovi,Bayan-Ovoo,44.883333,104.433333,2015,11,-6.163,-23.4,17.12,4.83,6.0
Ömnögovi,Bayan-Ovoo,44.883333,104.433333,2015,12,-11.935,-22.2,15.403,1.33,0.7
Ömnögovi,Bayan-Ovoo,44.883333,104.433333,2016,1,-18.719,-29.6,15.452,1.19,0.2
Ömnögovi,Bayan-Ovoo,44.883333,104.433333,2016,2,-10.666,-24.7,17.769,0.14,0.0
Ömnögovi,Bayan-Ovoo,44.883333,104.433333,2016,3,0.674,-19.0,25.258,1.4,3.0
Ömnögovi,Bayan-Ovoo,44.883333,104.433333,2016,4,9.697,-7.7,27.687,0.84,2.7
Ömnögovi,Bayan-Ovoo,44.883333,104.433333,2016,5,13.881,-2.7,31.116,0.0,10.5
Ömnögovi,Bayan-Ovoo,44.883333,104.433333,2016,6,18.537,7.0,23.393,0.0,47.8
Ömnögovi,Bayan-Ovoo,44.883333,104.433333,2016,7,25.529,12.0,22.271,0.0,33.0
Ömnögovi,Bayan-Ovoo,44.883333,104.433333,2016,8,24.323,6.8,23.481,0.0,6.1
Ömnögovi,Bayan-Ovoo,44.883333,104.433333,2016,9,15.68,-1.1,23.08,0.0,22.2
Ömnögovi,Bayan-Ovoo,44.883333,104.433333,2016,10,3.577,-14.5,20.639,0.07,15.9
Ömnögovi,Bayan-Ovoo,44.883333,104.433333,2016,11,-5.547,-22.7,21.063,1.19,1.3
Ömnögovi,Bayan-Ovoo,44.883333,104.433333,2016,12,-10.255,-20.2,16.277,2.31,2.8
Ömnögovi,Bayan-Ovoo,44.883333,104.433333,2017,1,-15.919,-29.6,17.032,1.26,1.8
Ömnögovi,Bayan-Ovoo,44.883333,104.433333,2017,2,-9.189,-27.1,17.979,2.59,3.7
Ömnögovi,Bayan-Ovoo,44.883333,104.433333,2017,3,-1.613,-13.0,21.803,11.41,16.9
Ömnögovi,Bayan-Ovoo,44.883333,104.433333,2017,4,9.07,-4.3,25.857,0.77,2.5
Ömnögovi,Bayan-Ovoo,44.883333,104.433333,2017,5,16.661,-4.3,29.968,0.91,8.2
Ömnögovi,Bayan-Ovoo,44.883333,104.433333,2017,6,22.82,8.1,28.593,0.0,9.6
Ömnögovi,Bayan-Ovoo,44.883333,104.433333,2017,7,25.319,12.1,28.135,0.0,11.3
Ömnögovi,Bayan-Ovoo,44.883333,104.433333,2017,8,21.01,7.4,25.5,0.0,13.3
Ömnögovi,Bayan-Ovoo,44.883333,104.433333,2017,9,15.457,-1.9,27.253,0.0,3.8
Ömnögovi,Bayan-Ovoo,44.883333,104.433333,2017,10,4.41,-11.6,19.3,0.07,0.6
Ömnögovi,Bayan-Ovoo,44.883333,104.433333,2017,11,-6.297,-20.4,23.037,0.7,1.1
Ömnögovi,Bayan-Ovoo,44.883333,104.433333,2017,12,-12.445,-23.4,18.968,0.21,0.3
Ömnögovi,Bayan-Ovoo,44.883333,104.433333,2018,1,-18.31,-31.5,18.684,1.47,2.1
Ömnögovi,Bayan-Ovoo,44.883333,104.433333,2018,2,-10.736,-25.0,22.221,0.63,0.9
Ömnögovi,Bayan-Ovoo,44.883333,104.433333,2018,3,4.016,-13.8,29.339,0.28,0.6
Ömnögovi,Bayan-Ovoo,44.883333,104.433333,2018,4,9.18,-10.4,31.067,1.89,6.6
Ömnögovi,Bayan-Ovoo,44.883333,104.433333,2018,5,17.826,0.8,30.187,0.0,2.5
Ömnögovi,Bayan-Ovoo,44.883333,104.433333,2018,6,22.903,5.9,26.797,0.0,4.0
Ömnögovi,Bayan-Ovoo,44.883333,104.433333,2018,7,23.397,12.0,26.197,0.0,49.1
Ömnögovi,Bayan-Ovoo,44.883333,104.433333,2018,8,20.106,10.8,20.01,0.0,66.6
Ömnögovi,Bayan-Ovoo,44.883333,104.433333,2018,9,11.957,-1.1,27.147,0.56,15.4
Ömnögovi,Bayan-Ovoo,44.883333,104.433333,2018,10,4.597,-7.3,22.816,0.07,0.5
Ömnögovi,Bayan-Ovoo,44.883333,104.433333,2018,11,-6.357,-19.4,19.503,0.84,1.3
Ömnögovi,Bayan-Ovoo,44.883333,104.433333,2018,12,-17.8,-32.0,18.519,0.77,1.1
Ömnögovi,Bayan-Ovoo,44.883333,104.433333,2019,1,-15.555,-27.2,17.858,0.07,0.1
Ömnögovi,Bayan-Ovoo,44.883333,104.433333,2019,2,-14.396,-27.1,17.504,2.59,3.9
Ömnögovi,Bayan-Ovoo,44.883333,104.433333,2019,3,-0.287,-11.4,23.119,1.61,2.4
Ömnögovi,Bayan-Ovoo,44.883333,104.433333,2019,4,9.693,-3.1,30.163,0.98,7.3
Ömnögovi,Bayan-Ovoo,44.883333,104.433333,2019,5,13.31,-2.9,31.632,5.39,9.1
Ömnögovi,Bayan-Ovoo,44.883333,104.433333,2019,6,22.337,8.9,28.943,0.0,3.6
Ömnögovi,Bayan-Ovoo,44.883333,104.433333,2019,7,24.161,13.8,27.303,0.0,17.7
Ömnögovi,Bayan-Ovoo,44.883333,104.433333,2019,8,21.261,10.0,23.242,0.0,25.0
Ömnögovi,Bayan-Ovoo,44.883333,104.433333,2019,9,18.66,4.8,24.043,0.0,2.8
Ömnögovi,Bayan-Ovoo,44.883333,104.433333,2019,10,4.774,-9.6,24.735,1.19,2.3
Ömnögovi,Bayan-Ovoo,44.883333,104.433333,2019,11,-5.087,-22.4,22.15,0.07,0.1
Ömnögovi,Bayan-Ovoo,44.883333,104.433333,2019,12,-13.094,-29.0,16.474,1.68,2.4
Ömnögovi,Bayan-Ovoo,44.883333,104.433333,2020,1,-13.258,-23.8,14.639,0.21,0.3
Ömnögovi,Bayan-Ovoo,44.883333,104.433333,2020,2,-7.383,-22.5,21.352,1.89,2.7
Ömnögovi,Bayan-Ovoo,44.883333,104.433333,2020,3,0.281,-15.9,26.713,0.28,0.4
Ömnögovi,Bayan-Ovoo,44.883333,104.433333,2020,4,9.787,-7.2,23.987,0.28,2.2
Ömnögovi,Bayan-Ovoo,44.883333,104.433333,2020,5,15.461,-0.3,29.29,0.0,4.5
Ömnögovi,Bayan-Ovoo,44.883333,104.433333,2020,6,22.153,8.4,29.82,0.0,3.8
Ömnögovi,Bayan-Ovoo,44.883333,104.433333,2020,7,24.387,12.2,27.616,0.0,6.8
Ömnögovi,Bayan-Ovoo,44.883333,104.433333,2020,8,21.906,10.0,26.716,0.0,6.8
Ömnögovi,Bayan-Ovoo,44.883333,104.433333,2020,9,15.723,2.2,23.987,0.0,5.5
Ömnögovi,Bayan-Ovoo,44.883333,104.433333,2020,10,3.303,-8.1,24.49,0.49,0.7
Ömnögovi,Bayan-Ovoo,44.883333,104.433333,2020,11,-4.88,-21.4,18.29,1.19,1.5
Ömnögovi,Bayan-Ovoo,44.883333,104.433333,2020,12,-17.732,-30.5,16.861,0.84,1.2
Ömnögovi,Bayan-Ovoo,44.883333,104.433333,2021,1,-15.768,-31.8,20.335,0.7,1.0
Ömnögovi,Bayan-Ovoo,44.883333,104.433333,2021,2,-5.046,-25.0,23.046,0.91,1.2
Ömnögovi,Bayan-Ovoo,44.883333,104.433333,2021,3,2.371,-17.0,27.387,1.33,2.2
Ömnögovi,Bayan-Ovoo,44.883333,104.433333,2021,4,8.287,-7.3,30.04,0.91,14.8
Ömnögovi,Bayan-Ovoo,44.883333,104.433333,2021,5,14.381,-1.9,34.129,0.14,1.1
Ömnögovi,Bayan-Ovoo,44.883333,104.433333,2021,6,20.7,3.5,29.683,0.0,12.9
Ömnögovi,Bayan-Ovoo,44.883333,104.433333,2021,7,22.774,12.6,22.384,0.0,81.4
Ömnögovi,Bayan-Ovoo,44.883333,104.433333,2021,8,20.171,7.3,26.065,0.0,17.3
Ömnögovi,Bayan-Ovoo,44.883333,104.433333,2021,9,15.983,2.0,24.88,0.0,4.2
Ömnögovi,Bayan-Ovoo,44.883333,104.433333,2021,10,4.458,-7.7,20.229,0.98,3.7
Ömnögovi,Bayan-Ovoo,44.883333,104.433333,2021,11,-5.74,-17.1,22.31,3.5,5.0
Ömnögovi,Bayan-Ovoo,44.883333,104.433333,2021,12,-12.619,-25.6,16.558,0.42,0.6
Ömnögovi,Bayan-Ovoo,44.883333,104.433333,2022,1,-13.855,-23.0,14.687,0.49,0.7
Ömnögovi,Bayan-Ovoo,44.883333,104.433333,2022,2,-12.689,-24.0,17.864,1.47,2.1
Ömnögovi,Bayan-Ovoo,44.883333,104.433333,2022,3,0.316,-13.0,29.59,1.05,1.5
Ömnögovi,Bayan-Ovoo,44.883333,104.433333,2022,4,8.1,-6.8,31.8,2.31,4.2
Ömnögovi,Bayan-Ovoo,44.883333,104.433333,2022,5,15.932,-0.5,28.784,0.07,8.7
Ömnögovi,Bayan-Ovoo,44.883333,104.433333,2022,6,22.307,8.1,28.613,0.0,13.6
Ömnögovi,Bayan-Ovoo,44.883333,104.433333,2022,7,23.316,11.9,27.81,0.0,26.8
Ömnögovi,Bayan-Ovoo,44.883333,104.433333,2022,8,21.742,6.6,28.445,0.0,10.4
Ömnögovi,Bayan-Ovoo,44.883333,104.433333,2022,9,17.093,1.9,26.86,0.0,4.5
Ömnögovi,Bayan-Ovoo,44.883333,104.433333,2022,10,3.819,-8.6,21.894,10.08,29.4
Ömnögovi,Bayan-Ovoo,44.883333,104.433333,2022,11,-5.027,-25.8,20.287,0.14,0.2
Ömnögovi,Bayan-Ovoo,44.883333,104.433333,2022,12,-15.935,-24.5,18.029,1.12,1.5
Ömnögovi,Bayan-Ovoo,44.883333,104.433333,2023,1,-15.181,-30.7,20.052,1.19,1.7
Ömnögovi,Bayan-Ovoo,44.883333,104.433333,2023,2,-7.261,-18.8,17.207,1.05,1.5
Ömnögovi,Bayan-Ovoo,44.883333,104.433333,2023,3,0.842,-15.8,26.668,0.0,0.0
Ömnögovi,Bayan-Ovoo,44.883333,104.433333,2023,4,5.62,-11.2,30.987,0.98,12.2
Ömnögovi,Bayan-Ovoo,44.883333,104.433333,2023,5,13.852,0.5,32.79,0.0,20.2
Ömnögovi,Bayan-Ovoo,44.883333,104.433333,2023,6,22.487,6.2,27.873,0.0,19.7
Ömnögovi,Bayan-Ovoo,44.883333,104.433333,2023,7,22.981,10.6,28.119,0.0,54.8
Ömnögovi,Bayan-Ovoo,44.883333,104.433333,2023,8,23.229,10.2,25.523,0.0,20.2
Ömnögovi,Bayan-Ovoo,44.883333,104.433333,2023,9,15.993,-0.4,25.813,0.0,20.8
Ömnögovi,Bayan-Ovoo,44.883333,104.433333,2023,10,8.935,-1.5,22.661,0.0,0.5
Ömnögovi,Bayan-Ovoo,44.883333,104.433333,2023,11,-6.667,-27.0,22.977,10.85,16.3
Ömnögovi,Bayan-Ovoo,44.883333,104.433333,2023,12,-15.745,-33.7,19.135,7.07,9.9
Ömnögovi,Bayan-Ovoo,44.883333,104.433333,2024,1,-15.968,-27.4,15.203,4.69,6.7
Ömnögovi,Bayan-Ovoo,44.883333,104.433333,2024,2,-12.924,-24.5,19.941,0.28,0.4
Ömnögovi,Bayan-Ovoo,44.883333,104.433333,2024,3,0.1,-16.3,24.235,0.98,1.5
Ömnögovi,Bayan-Ovoo,44.883333,104.433333,2024,4,9.07,-3.8,30.317,5.81,11.2
Ömnögovi,Bayan-Ovoo,44.883333,104.433333,2024,5,18.187,3.0,28.9,0.0,23.4
Ömnögovi,Bayan-Ovoo,44.883333,104.433333,2024,6,22.39,9.2,29.347,0.0,8.0
Ömnögovi,Bayan-Ovoo,44.883333,104.433333,2024,7,24.497,14.1,24.69,0.0,43.3
Ömnögovi,Bayan-Ovoo,44.883333,104.433333,2024,8,21.29,12.0,23.232,0.0,90.5
Ömnögovi,Bayan-Ovoo,44.883333,104.433333,2024,9,14.617,0.1,25.17,3.64,37.6
Ömnögovi,Bayan-Ovoo,44.883333,104.433333,2024,10,5.865,-4.2,25.316,0.84,10.9
Ömnögovi,Bayan-Ovoo,44.883333,104.433333,2024,11,-2.86,-18.1,20.07,1.19,1.7
Ömnögovi,Bayan-Ovoo,44.883333,104.433333,2024,12,-13.797,-22.6,19.635,0.35,0.6
Ömnögovi,Bayandalai,43.092427,103.265263,2015,1,-11.926,-23.5,13.0,0.0,0.0
Ömnögovi,Bayandalai,43.092427,103.265263,2015,2,-9.286,-24.0,16.825,0.21,0.0
Ömnögovi,Bayandalai,43.092427,103.265263,2015,3,-2.0,-20.4,23.384,0.28,0.1
Ömnögovi,Bayandalai,43.092427,103.265263,2015,4,6.123,-12.5,22.073,6.58,14.7
Ömnögovi,Bayandalai,43.092427,103.265263,2015,5,12.687,-4.7,25.823,0.0,1.7
Ömnögovi,Bayandalai,43.092427,103.265263,2015,6,17.447,3.0,24.033,0.0,12.4
Ömnögovi,Bayandalai,43.092427,103.265263,2015,7,20.503,6.9,21.613,0.0,9.5
Ömnögovi,Bayandalai,43.092427,103.265263,2015,8,19.771,5.6,21.735,0.0,2.8
Ömnögovi,Bayandalai,43.092427,103.265263,2015,9,11.973,-1.8,21.63,0.0,29.8
Ömnögovi,Bayandalai,43.092427,103.265263,2015,10,4.435,-13.0,17.397,0.0,3.4
Ömnögovi,Bayandalai,43.092427,103.265263,2015,11,-4.96,-20.1,14.237,2.59,2.7
Ömnögovi,Bayandalai,43.092427,103.265263,2015,12,-11.784,-22.8,12.468,0.91,0.5
Ömnögovi,Bayandalai,43.092427,103.265263,2016,1,-17.465,-30.4,12.765,0.49,0.0
Ömnögovi,Bayandalai,43.092427,103.265263,2016,2,-10.914,-26.1,16.269,0.0,0.0
Ömnögovi,Bayandalai,43.092427,103.265263,2016,3,-0.587,-21.6,23.235,0.0,2.3
Ömnögovi,Bayandalai,43.092427,103.265263,2016,4,7.957,-7.7,25.833,0.0,0.0
Ömnögovi,Bayandalai,43.092427,103.265263,2016,5,11.681,-5.8,24.887,0.0,2.7
Ömnögovi,Bayandalai,43.092427,103.265263,2016,6,16.657,3.9,24.137,0.0,26.7
Ömnögovi,Bayandalai,43.092427,103.265263,2016,7,23.019,9.4,19.465,0.0,8.0
Ömnögovi,Bayandalai,43.092427,103.265263,2016,8,22.303,6.3,18.661,0.0,6.4
Ömnögovi,Bayandalai,43.092427,103.265263,2016,9,14.523,-2.8,19.12,0.0,5.8
Ömnögovi,Bayandalai,43.092427,103.265263,2016,10,3.648,-15.6,21.232,0.21,1.9
Ömnögovi,Bayandalai,43.092427,103.265263,2016,11,-5.967,-22.5,18.753,0.35,0.5
Ömnögovi,Bayandalai,43.092427,103.265263,2016,12,-10.639,-24.3,12.523,0.56,0.1
Ömnögovi,Bayandalai,43.092427,103.265263,2017,1,-13.958,-27.9,14.106,0.77,1.1
Ömnögovi,Bayandalai,43.092427,103.265263,2017,2,-8.061,-21.5,14.493,2.52,3.6
Ömnögovi,Bayandalai,43.092427,103.265263,2017,3,-3.261,-16.2,17.932,8.05,16.9
Ömnögovi,Bayandalai,43.092427,103.265263,2017,4,7.023,-4.7,21.843,0.07,0.7
Ömnögovi,Bayandalai,43.092427,103.265263,2017,5,14.365,-7.4,25.023,0.91,5.3
Ömnögovi,Bayandalai,43.092427,103.265263,2017,6,19.8,7.4,23.643,0.0,7.1
Ömnögovi,Bayandalai,43.092427,103.265263,2017,7,22.71,9.5,21.494,0.0,14.1
Ömnögovi,Bayandalai,43.092427,103.265263,2017,8,18.858,4.2,20.487,0.0,8.5
Ömnögovi,Bayandalai,43.092427,103.265263,2017,9,13.783,-3.9,21.753,0.0,4.5
Ömnögovi,Bayandalai,43.092427,103.265263,2017,10,3.355,-12.8,15.203,1.33,2.0
Ömnögovi,Bayandalai,43.092427,103.265263,2017,11,-6.657,-19.6,17.847,0.0,0.0
Ömnögovi,Bayandalai,43.092427,103.265263,2017,12,-12.197,-23.1,12.777,0.0,0.0
Ömnögovi,Bayandalai,43.092427,103.265263,2018,1,-17.581,-31.5,14.326,2.17,3.1
Ömnögovi,Bayandalai,43.092427,103.265263,2018,2,-11.65,-27.1,16.671,0.07,0.1
Ömnögovi,Bayandalai,43.092427,103.265263,2018,3,2.635,-12.5,22.184,2.17,3.1
Ömnögovi,Bayandalai,43.092427,103.265263,2018,4,7.747,-14.0,24.577,0.63,6.9
Ömnögovi,Bayandalai,43.092427,103.265263,2018,5,14.132,-0.7,22.745,0.21,7.8
Ömnögovi,Bayandalai,43.092427,103.265263,2018,6,20.197,3.9,22.04,0.0,7.3
Ömnögovi,Bayandalai,43.092427,103.265263,2018,7,21.032,10.6,21.777,0.0,58.9
Ömnögovi,Bayandalai,43.092427,103.265263,2018,8,19.21,8.2,17.29,0.0,44.8
Ömnögovi,Bayandalai,43.092427,103.265263,2018,9,10.097,-3.4,21.717,0.0,15.8
Ömnögovi,Bayandalai,43.092427,103.265263,2018,10,2.884,-8.4,17.545,0.0,0.0
Ömnögovi,Bayandalai,43.092427,103.265263,2018,11,-6.837,-17.7,16.01,1.05,1.5
Ömnögovi,Bayandalai,43.092427,103.265263,2018,12,-17.835,-29.1,14.013,0.84,1.2
Ömnögovi,Bayandalai,43.092427,103.265263,2019,1,-14.894,-27.0,12.752,0.0,0.0
Ömnögovi,Bayandalai,43.092427,103.265263,2019,2,-13.875,-28.0,13.357,3.36,4.7
Ömnögovi,Bayandalai,43.092427,103.265263,2019,3,-1.632,-13.0,17.835,3.29,4.7
Ömnögovi,Bayandalai,43.092427,103.265263,2019,4,8.517,-4.5,22.447,1.82,4.3
Ömnögovi,Bayandalai,43.092427,103.265263,2019,5,10.781,-6.0,24.339,2.17,17.4
Ömnögovi,Bayandalai,43.092427,103.265263,2019,6,18.767,8.2,23.16,0.0,41.8
Ömnögovi,Bayandalai,43.092427,103.265263,2019,7,20.89,11.1,22.339,0.0,19.4
Ömnögovi,Bayandalai,43.092427,103.265263,2019,8,18.874,9.1,18.439,0.0,18.9
Ömnögovi,Bayandalai,43.092427,103.265263,2019,9,15.943,3.5,18.007,0.0,6.6
Ömnögovi,Bayandalai,43.092427,103.265263,2019,10,2.955,-12.5,17.394,6.16,9.7
Ömnögovi,Bayandalai,43.092427,103.265263,2019,11,-5.71,-19.4,16.237,0.0,0.0
Ömnögovi,Bayandalai,43.092427,103.265263,2019,12,-12.358,-24.3,13.368,0.14,0.2
Ömnögovi,Bayandalai,43.092427,103.265263,2020,1,-11.816,-21.3,11.735,0.42,0.6
Ömnögovi,Bayandalai,43.092427,103.265263,2020,2,-7.862,-21.2,16.034,3.36,4.7
Ömnögovi,Bayandalai,43.092427,103.265263,2020,3,-1.516,-15.3,20.768,1.89,2.9
Ömnögovi,Bayandalai,43.092427,103.265263,2020,4,7.27,-8.8,19.64,0.21,1.4
Ömnögovi,Bayandalai,43.092427,103.265263,2020,5,12.69,1.2,24.506,0.07,14.6
Ömnögovi,Bayandalai,43.092427,103.265263,2020,6,19.23,6.3,24.527,0.0,3.0
Ömnögovi,Bayandalai,43.092427,103.265263,2020,7,21.658,8.6,21.971,0.0,6.3
Ömnögovi,Bayandalai,43.092427,103.265263,2020,8,18.945,8.0,22.129,0.0,23.4
Ömnögovi,Bayandalai,43.092427,103.265263,2020,9,13.74,1.1,19.607,0.0,10.9
Ömnögovi,Bayandalai,43.092427,103.265263,2020,10,1.416,-7.7,18.313,0.42,0.8
Ömnögovi,Bayandalai,43.092427,103.265263,2020,11,-5.57,-21.0,13.567,4.9,6.9
Ömnögovi,Bayandalai,43.092427,103.265263,2020,12,-17.865,-28.4,12.061,0.91,1.4
Ömnögovi,Bayandalai,43.092427,103.265263,2021,1,-15.0,-32.9,17.584,0.07,0.0
Ömnögovi,Bayandalai,43.092427,103.265263,2021,2,-5.329,-22.5,17.964,1.33,1.9
Ömnögovi,Bayandalai,43.092427,103.265263,2021,3,0.506,-13.8,19.503,0.14,0.2
Ömnögovi,Bayandalai,43.092427,103.265263,2021,4,5.937,-7.3,24.367,0.77,14.0
Ömnögovi,Bayandalai,43.092427,103.265263,2021,5,12.365,-3.3,28.226,0.0,5.5
Ömnögovi,Bayandalai,43.092427,103.265263,2021,6,18.23,-0.7,23.767,0.0,9.6
Ömnögovi,Bayandalai,43.092427,103.265263,2021,7,21.294,9.0,20.942,0.0,27.4
Ömnögovi,Bayandalai,43.092427,103.265263,2021,8,17.935,4.1,22.532,0.0,4.7
Ömnögovi,Bayandalai,43.092427,103.265263,2021,9,14.613,1.2,20.887,0.0,9.2
Ömnögovi,Bayandalai,43.092427,103.265263,2021,10,2.913,-6.9,16.206,0.0,3.7
Ömnögovi,Bayandalai,43.092427,103.265263,2021,11,-6.497,-20.7,15.753,2.94,4.1
Ömnögovi,Bayandalai,43.092427,103.265263,2021,12,-12.594,-23.9,12.987,0.35,0.5
Ömnögovi,Bayandalai,43.092427,103.265263,2022,1,-12.713,-21.4,11.997,0.56,0.9
Ömnögovi,Bayandalai,43.092427,103.265263,2022,2,-12.414,-23.9,13.632,2.73,3.9
Ömnögovi,Bayandalai,43.092427,103.265263,2022,3,-0.584,-15.3,23.487,1.05,1.7
Ömnögovi,Bayandalai,43.092427,103.265263,2022,4,6.33,-5.8,26.68,5.95,10.2
Ömnögovi,Bayandalai,43.092427,103.265263,2022,5,13.894,-3.4,25.8,0.28,6.9
Ömnögovi,Bayandalai,43.092427,103.265263,2022,6,20.51,4.8,23.803,0.0,12.1
Ömnögovi,Bayandalai,43.092427,103.265263,2022,7,21.316,8.5,24.603,0.0,18.0
Ömnögovi,Bayandalai,43.092427,103.265263,2022,8,21.016,6.4,21.758,0.0,8.2
Ömnögovi,Bayandalai,43.092427,103.265263,2022,9,15.153,1.2,20.17,0.0,28.5
Ömnögovi,Bayandalai,43.092427,103.265263,2022,10,3.058,-9.1,19.055,0.0,3.4
Ömnögovi,Bayandalai,43.092427,103.265263,2022,11,-5.483,-27.4,15.533,3.57,5.1
Ömnögovi,Bayandalai,43.092427,103.265263,2022,12,-16.01,-24.5,13.565,0.35,0.5
Ömnögovi,Bayandalai,43.092427,103.265263,2023,1,-15.135,-30.2,15.758,1.33,1.9
Ömnögovi,Bayandalai,43.092427,103.265263,2023,2,-7.532,-19.0,13.679,2.45,3.5
Ömnögovi,Bayandalai,43.092427,103.265263,2023,3,-0.068,-13.1,20.187,0.07,0.2
Ömnögovi,Bayandalai,43.092427,103.265263,2023,4,4.433,-8.7,24.847,2.45,5.8
Ömnögovi,Bayandalai,43.092427,103.265263,2023,5,11.761,-0.2,26.616,0.0,15.6
Ömnögovi,Bayandalai,43.092427,103.265263,2023,6,20.45,3.3,23.123,0.0,11.6
Ömnögovi,Bayandalai,43.092427,103.265263,2023,7,22.013,8.6,26.113,0.0,40.5
Ömnögovi,Bayandalai,43.092427,103.265263,2023,8,21.345,9.3,21.51,0.0,9.5
Ömnögovi,Bayandalai,43.092427,103.265263,2023,9,14.16,-2.9,21.467,0.0,19.8
Ömnögovi,Bayandalai,43.092427,103.265263,2023,10,7.226,-3.3,16.987,0.0,0.5
Ömnögovi,Bayandalai,43.092427,103.265263,2023,11,-6.88,-24.1,18.41,1.54,2.2
Ömnögovi,Bayandalai,43.092427,103.265263,2023,12,-13.087,-28.0,13.884,1.47,2.1
Ömnögovi,Bayandalai,43.092427,103.265263,2024,1,-12.839,-25.9,11.748,2.52,3.6
Ömnögovi,Bayandalai,43.092427,103.265263,2024,2,-11.121,-22.8,14.383,1.61,2.5
Ömnögovi,Bayandalai,43.092427,103.265263,2024,3,-0.213,-18.7,20.726,1.19,1.8
Ömnögovi,Bayandalai,43.092427,103.265263,2024,4,6.98,-5.6,25.303,4.55,25.0
Ömnögovi,Bayandalai,43.092427,103.265263,2024,5,16.968,0.7,24.048,0.0,0.9
Ömnögovi,Bayandalai,43.092427,103.265263,2024,6,19.71,7.3,24.377,0.0,18.3
Ömnögovi,Bayandalai,43.092427,103.265263,2024,7,22.11,10.2,20.574,0.0,29.3
Ömnögovi,Bayandalai,43.092427,103.265263,2024,8,20.316,9.3,20.032,0.0,32.8
Ömnögovi,Bayandalai,43.092427,103.265263,2024,9,12.27,-2.7,17.347,1.12,67.4
Ömnögovi,Bayandalai,43.092427,103.265263,2024,10,4.684,-6.1,17.923,3.36,7.2
Ömnögovi,Bayandalai,43.092427,103.265263,2024,11,-3.82,-18.7,15.297,0.91,1.5
Ömnögovi,Bayandalai,43.092427,103.265263,2024,12,-15.361,-24.9,12.842,1.05,1.6
Ömnögovi,Bulgan,45.533333,103.533333,2015,1,-11.271,-24.1,19.81,0.63,0.4
Ömnögovi,Bulgan,45.533333,103.533333,2015,2,-8.95,-22.8,21.911,0.21,0.0
Ömnögovi,Bulgan,45.533333,103.533333,2015,3,-2.113,-19.1,24.819,1.54,1.3
Ömnögovi,Bulgan,45.533333,103.533333,2015,4,6.63,-13.8,26.943,1.89,7.2
Ömnögovi,Bulgan,45.533333,103.533333,2015,5,11.516,-4.5,29.648,3.85,9.8
Ömnögovi,Bulgan,45.533333,103.533333,2015,6,17.083,3.5,25.07,0.0,48.2
Ömnögovi,Bulgan,45.533333,103.533333,2015,7,21.003,10.0,25.477,0.0,26.7
Ömnögovi,Bulgan,45.533333,103.533333,2015,8,21.094,8.5,22.929,0.0,9.7
Ömnögovi,Bulgan,45.533333,103.533333,2015,9,12.677,-2.3,25.427,1.96,16.2
Ömnögovi,Bulgan,45.533333,103.533333,2015,10,5.316,-10.0,22.574,1.05,2.0
Ömnögovi,Bulgan,45.533333,103.533333,2015,11,-7.38,-24.6,18.317,3.36,3.4
Ömnögovi,Bulgan,45.533333,103.533333,2015,12,-11.697,-23.2,19.355,0.98,0.3
Ömnögovi,Bulgan,45.533333,103.533333,2016,1,-18.116,-28.7,16.919,1.75,1.1
Ömnögovi,Bulgan,45.533333,103.533333,2016,2,-10.503,-24.4,20.731,0.77,0.6
Ömnögovi,Bulgan,45.533333,103.533333,2016,3,-0.49,-20.6,25.448,1.75,4.4
Ömnögovi,Bulgan,45.533333,103.533333,2016,4,7.593,-8.0,27.273,0.91,2.1
Ömnögovi,Bulgan,45.533333,103.533333,2016,5,12.126,-3.3,31.606,0.0,6.2
Ömnögovi,Bulgan,45.533333,103.533333,2016,6,16.323,5.3,24.21,0.0,54.7
Ömnögovi,Bulgan,45.533333,103.533333,2016,7,22.252,9.5,21.097,0.0,54.0
Ömnögovi,Bulgan,45.533333,103.533333,2016,8,21.21,4.3,23.013,0.0,17.7
Ömnögovi,Bulgan,45.533333,103.533333,2016,9,13.35,-0.3,21.507,0.0,32.2
Ömnögovi,Bulgan,45.533333,103.533333,2016,10,1.265,-15.5,21.81,1.89,9.5
Ömnögovi,Bulgan,45.533333,103.533333,2016,11,-6.4,-22.8,23.647,0.91,0.6
Ömnögovi,Bulgan,45.533333,103.533333,2016,12,-10.655,-22.3,21.732,2.66,2.8
Ömnögovi,Bulgan,45.533333,103.533333,2017,1,-15.658,-31.3,19.61,1.96,2.9
Ömnögovi,Bulgan,45.533333,103.533333,2017,2,-9.539,-24.7,20.807,1.82,2.5
Ömnögovi,Bulgan,45.533333,103.533333,2017,3,-3.435,-23.0,21.952,17.08,24.4
Ömnögovi,Bulgan,45.533333,103.533333,2017,4,7.57,-5.4,24.75,1.33,3.3
Ömnögovi,Bulgan,45.533333,103.533333,2017,5,14.926,-4.9,31.239,1.33,6.8
Ömnögovi,Bulgan,45.533333,103.533333,2017,6,20.923,6.1,28.223,0.0,7.5
Ömnögovi,Bulgan,45.533333,103.533333,2017,7,23.516,12.3,27.126,0.0,30.6
Ömnögovi,Bulgan,45.533333,103.533333,2017,8,18.477,5.5,23.723,0.0,24.1
Ömnögovi,Bulgan,45.533333,103.533333,2017,9,13.307,-5.1,26.743,0.0,5.2
Ömnögovi,Bulgan,45.533333,103.533333,2017,10,3.184,-11.8,22.432,1.19,1.8
Ömnögovi,Bulgan,45.533333,103.533333,2017,11,-6.707,-20.5,24.323,1.96,3.1
Ömnögovi,Bulgan,45.533333,103.533333,2017,12,-11.884,-22.5,19.981,0.21,0.3
Ömnögovi,Bulgan,45.533333,103.533333,2018,1,-17.735,-31.0,19.403,2.45,3.5
Ömnögovi,Bulgan,45.533333,103.533333,2018,2,-11.2,-26.0,21.879,0.91,1.4
Ömnögovi,Bulgan,45.533333,103.533333,2018,3,2.542,-16.5,30.523,0.98,1.3
Ömnögovi,Bulgan,45.533333,103.533333,2018,4,7.467,-10.9,31.233,3.92,8.0
Ömnögovi,Bulgan,45.533333,103.533333,2018,5,15.887,-2.2,31.013,0.14,1.3
Ömnögovi,Bulgan,45.533333,103.533333,2018,6,20.783,5.8,27.94,0.0,3.5
Ömnögovi,Bulgan,45.533333,103.533333,2018,7,20.835,9.0,25.216,0.0,46.9
Ömnögovi,Bulgan,45.533333,103.533333,2018,8,18.281,8.2,18.677,0.0,81.2
Ömnögovi,Bulgan,45.533333,103.533333,2018,9,10.1,-2.1,27.787,0.77,20.1
Ömnögovi,Bulgan,45.533333,103.533333,2018,10,3.684,-7.2,23.094,1.47,2.5
Ömnögovi,Bulgan,45.533333,103.533333,2018,11,-7.033,-20.6,21.387,0.42,0.6
Ömnögovi,Bulgan,45.533333,103.533333,2018,12,-17.39,-31.2,19.552,2.17,2.9
Ömnögovi,Bulgan,45.533333,103.533333,2019,1,-15.203,-28.2,21.168,0.21,0.3
Ömnögovi,Bulgan,45.533333,103.533333,2019,2,-15.429,-31.2,19.307,3.43,4.9
Ömnögovi,Bulgan,45.533333,103.533333,2019,3,-1.148,-12.4,24.345,4.2,5.9
Ömnögovi,Bulgan,45.533333,103.533333,2019,4,7.54,-5.0,30.577,4.06,9.1
Ömnögovi,Bulgan,45.533333,103.533333,2019,5,11.506,-4.8,31.355,5.67,9.9
Ömnögovi,Bulgan,45.533333,103.533333,2019,6,19.833,6.1,26.887,0.0,12.1
Ömnögovi,Bulgan,45.533333,103.533333,2019,7,21.316,10.9,26.358,0.0,24.8
Ömnögovi,Bulgan,45.533333,103.533333,2019,8,19.3,7.2,22.542,0.0,32.9
Ömnögovi,Bulgan,45.533333,103.533333,2019,9,16.49,4.0,23.257,0.0,7.8
Ömnögovi,Bulgan,45.533333,103.533333,2019,10,3.703,-8.6,25.355,0.7,1.2
Ömnögovi,Bulgan,45.533333,103.533333,2019,11,-5.597,-20.5,24.833,0.84,1.2
Ömnögovi,Bulgan,45.533333,103.533333,2019,12,-12.468,-27.9,19.21,1.47,2.3
Ömnögovi,Bulgan,45.533333,103.533333,2020,1,-13.084,-23.9,17.274,0.49,0.6
Ömnögovi,Bulgan,45.533333,103.533333,2020,2,-7.917,-21.1,22.641,2.45,3.4
Ömnögovi,Bulgan,45.533333,103.533333,2020,3,-1.148,-17.1,28.787,2.1,3.1
Ömnögovi,Bulgan,45.533333,103.533333,2020,4,8.44,-8.0,25.01,0.7,1.6
Ömnögovi,Bulgan,45.533333,103.533333,2020,5,13.365,-1.9,30.765,0.14,8.8
Ömnögovi,Bulgan,45.533333,103.533333,2020,6,19.66,6.8,29.953,0.0,4.6
Ömnögovi,Bulgan,45.533333,103.533333,2020,7,22.177,10.9,26.819,0.0,10.7
Ömnögovi,Bulgan,45.533333,103.533333,2020,8,19.626,8.7,25.074,0.0,5.3
Ömnögovi,Bulgan,45.533333,103.533333,2020,9,14.07,1.6,24.64,0.0,4.0
Ömnögovi,Bulgan,45.533333,103.533333,2020,10,2.113,-7.3,26.871,0.84,1.5
Ömnögovi,Bulgan,45.533333,103.533333,2020,11,-5.157,-19.1,19.213,1.89,2.7
Ömnögovi,Bulgan,45.533333,103.533333,2020,12,-20.594,-34.3,19.697,0.42,0.6
Ömnögovi,Bulgan,45.533333,103.533333,2021,1,-17.861,-36.2,22.8,0.84,1.2
Ömnögovi,Bulgan,45.533333,103.533333,2021,2,-5.786,-24.0,26.182,0.49,0.6
Ömnögovi,Bulgan,45.533333,103.533333,2021,3,0.729,-16.8,28.494,2.66,3.9
Ömnögovi,Bulgan,45.533333,103.533333,2021,4,5.937,-7.2,30.177,2.8,22.2
Ömnögovi,Bulgan,45.533333,103.533333,2021,5,12.365,-3.4,32.929,0.63,3.1
Ömnögovi,Bulgan,45.533333,103.533333,2021,6,18.253,2.2,29.003,0.7,18.8
Ömnögovi,Bulgan,45.533333,103.533333,2021,7,20.745,10.1,21.158,0.0,58.1
Ömnögovi,Bulgan,45.533333,103.533333,2021,8,18.065,5.8,25.813,0.0,12.8
Ömnögovi,Bulgan,45.533333,103.533333,2021,9,13.787,-1.7,24.96,0.0,4.6
Ömnögovi,Bulgan,45.533333,103.533333,2021,10,3.174,-7.8,22.465,3.29,8.5
Ömnögovi,Bulgan,45.533333,103.533333,2021,11,-5.223,-17.6,24.24,3.71,5.3
Ömnögovi,Bulgan,45.533333,103.533333,2021,12,-11.452,-24.0,20.919,0.42,0.7
Ömnögovi,Bulgan,45.533333,103.533333,2022,1,-14.265,-24.0,16.629,0.77,1.1
Ömnögovi,Bulgan,45.533333,103.533333,2022,2,-13.021,-24.9,19.121,0.63,0.9
Ömnögovi,Bulgan,45.533333,103.533333,2022,3,-1.194,-14.6,29.345,1.89,3.0
Ömnögovi,Bulgan,45.533333,103.533333,2022,4,5.95,-6.6,31.37,9.94,15.8
Ömnögovi,Bulgan,45.533333,103.533333,2022,5,14.1,-2.2,28.4,0.35,29.0
Ömnögovi,Bulgan,45.533333,103.533333,2022,6,20.42,5.5,27.843,0.0,10.7
Ömnögovi,Bulgan,45.533333,103.533333,2022,7,21.239,9.6,28.368,0.0,14.5
Ömnögovi,Bulgan,45.533333,103.533333,2022,8,19.532,6.1,26.168,0.0,8.0
Ömnögovi,Bulgan,45.533333,103.533333,2022,9,15.203,0.3,28.72,0.0,5.8
Ömnögovi,Bulgan,45.533333,103.533333,2022,10,2.474,-9.2,23.716,1.61,2.2
Ömnögovi,Bulgan,45.533333,103.533333,2022,11,-5.533,-26.4,22.68,0.77,1.1
Ömnögovi,Bulgan,45.533333,103.533333,2022,12,-15.881,-24.5,19.684,1.68,2.4
Ömnögovi,Bulgan,45.533333,103.533333,2023,1,-14.929,-30.7,22.332,1.82,2.6
Ömnögovi,Bulgan,45.533333,103.533333,2023,2,-8.682,-21.0,17.607,0.07,0.1
Ömnögovi,Bulgan,45.533333,103.533333,2023,3,-0.168,-16.6,27.658,0.35,0.6
Ömnögovi,Bulgan,45.533333,103.533333,2023,4,3.857,-12.9,32.617,2.1,5.3
Ömnögovi,Bulgan,45.533333,103.533333,2023,5,11.448,-1.6,31.377,0.91,18.3
Ömnögovi,Bulgan,45.533333,103.533333,2023,6,20.033,4.7,27.95,0.0,30.2
Ömnögovi,Bulgan,45.533333,103.533333,2023,7,20.8,9.1,25.365,0.0,49.2
Ömnögovi,Bulgan,45.533333,103.533333,2023,8,20.768,7.9,22.861,0.0,24.3
Ömnögovi,Bulgan,45.533333,103.533333,2023,9,14.05,-1.7,25.547,0.0,14.5
Ömnögovi,Bulgan,45.533333,103.533333,2023,10,7.658,-2.5,23.929,0.0,1.8
Ömnögovi,Bulgan,45.533333,103.533333,2023,11,-7.183,-21.2,22.977,6.44,11.1
Ömnögovi,Bulgan,45.533333,103.533333,2023,12,-13.868,-28.2,22.426,7.14,10.1
Ömnögovi,Bulgan,45.533333,103.533333,2024,1,-14.216,-25.2,20.245,4.97,7.2
Ömnögovi,Bulgan,45.533333,103.533333,2024,2,-13.024,-25.5,20.438,0.84,1.2
Ömnögovi,Bulgan,45.533333,103.533333,2024,3,-1.01,-16.0,24.206,1.61,2.4
Ömnögovi,Bulgan,45.533333,103.533333,2024,4,6.96,-5.7,32.887,11.2,19.9
Ömnögovi,Bulgan,45.533333,103.533333,2024,5,16.194,2.1,29.384,0.0,12.6
Ömnögovi,Bulgan,45.533333,103.533333,2024,6,19.61,8.2,28.353,0.0,33.8
Ömnögovi,Bulgan,45.533333,103.533333,2024,7,22.781,12.6,21.897,0.0,38.6
Ömnögovi,Bulgan,45.533333,103.533333,2024,8,19.41,10.4,22.59,0.0,100.0
Ömnögovi,Bulgan,45.533333,103.533333,2024,9,12.91,-1.9,26.147,2.17,18.3
Ömnögovi,Bulgan,45.533333,103.533333,2024,10,4.777,-4.9,27.532,4.9,13.8
Ömnögovi,Bulgan,45.533333,103.533333,2024,11,-3.05,-17.9,22.7,1.54,2.2
Ömnögovi,Bulgan,45.533333,103.533333,2024,12,-13.648,-23.8,19.897,0.98,1.4
Ömnögovi,Dalanzadgad,43.574898,104.428695,2015,1,-9.284,-21.2,16.955,0.28,0.1
Ömnögovi,Dalanzadgad,43.574898,104.428695,2015,2,-7.654,-22.9,20.0,0.07,0.0
Ömnögovi,Dalanzadgad,43.574898,104.428695,2015,3,-0.613,-17.7,23.81,1.33,1.6
Ömnögovi,Dalanzadgad,43.574898,104.428695,2015,4,7.52,-12.0,23.467,5.74,8.1
Ömnögovi,Dalanzadgad,43.574898,104.428695,2015,5,13.616,-1.3,25.055,2.17,5.8
Ömnögovi,Dalanzadgad,43.574898,104.428695,2015,6,17.717,4.0,22.743,0.0,25.1
Ömnögovi,Dalanzadgad,43.574898,104.428695,2015,7,21.339,7.7,20.416,0.0,42.5
Ömnögovi,Dalanzadgad,43.574898,104.428695,2015,8,20.955,8.5,21.684,0.0,3.9
Ömnögovi,Dalanzadgad,43.574898,104.428695,2015,9,13.703,-0.1,23.28,3.64,27.7
Ömnögovi,Dalanzadgad,43.574898,104.428695,2015,10,6.161,-9.6,20.365,1.47,4.2
Ömnögovi,Dalanzadgad,43.574898,104.428695,2015,11,-3.587,-18.3,17.783,0.42,0.0
Ömnögovi,Dalanzadgad,43.574898,104.428695,2015,12,-8.755,-17.8,17.945,1.68,1.3
Ömnögovi,Dalanzadgad,43.574898,104.428695,2016,1,-16.203,-26.1,17.126,0.42,0.2
Ömnögovi,Dalanzadgad,43.574898,104.428695,2016,2,-9.138,-21.9,21.617,0.35,0.1
Ömnögovi,Dalanzadgad,43.574898,104.428695,2016,3,0.561,-17.7,23.984,1.12,3.0
Ömnögovi,Dalanzadgad,43.574898,104.428695,2016,4,9.32,-5.9,26.03,0.21,0.5
Ömnögovi,Dalanzadgad,43.574898,104.428695,2016,5,12.784,-2.7,27.461,0.63,12.0
Ömnögovi,Dalanzadgad,43.574898,104.428695,2016,6,17.023,5.6,22.19,0.0,66.2
Ömnögovi,Dalanzadgad,43.574898,104.428695,2016,7,23.665,13.0,18.761,0.0,31.9
Ömnögovi,Dalanzadgad,43.574898,104.428695,2016,8,23.642,7.4,18.287,0.0,9.5
Ömnögovi,Dalanzadgad,43.574898,104.428695,2016,9,15.183,-0.4,18.21,0.0,18.4
Ömnögovi,Dalanzadgad,43.574898,104.428695,2016,10,5.158,-13.5,23.01,1.54,8.3
Ömnögovi,Dalanzadgad,43.574898,104.428695,2016,11,-3.867,-21.0,22.99,0.56,0.2
Ömnögovi,Dalanzadgad,43.574898,104.428695,2016,12,-7.894,-20.7,18.226,1.26,0.6
Ömnögovi,Dalanzadgad,43.574898,104.428695,2017,1,-11.732,-27.6,21.526,1.05,1.5
Ömnögovi,Dalanzadgad,43.574898,104.428695,2017,2,-6.029,-20.4,22.618,2.38,3.4
Ömnögovi,Dalanzadgad,43.574898,104.428695,2017,3,-1.135,-11.4,23.094,12.74,22.1
Ömnögovi,Dalanzadgad,43.574898,104.428695,2017,4,9.193,-1.5,26.587,0.0,2.5
Ömnögovi,Dalanzadgad,43.574898,104.428695,2017,5,16.981,-4.5,30.181,0.14,2.0
Ömnögovi,Dalanzadgad,43.574898,104.428695,2017,6,21.643,8.9,27.207,0.0,18.2
Ömnögovi,Dalanzadgad,43.574898,104.428695,2017,7,24.868,11.8,28.368,0.0,16.4
Ömnögovi,Dalanzadgad,43.574898,104.428695,2017,8,20.681,7.2,25.145,0.0,24.0
Ömnögovi,Dalanzadgad,43.574898,104.428695,2017,9,15.92,-3.5,27.46,0.0,2.7
Ömnögovi,Dalanzadgad,43.574898,104.428695,2017,10,5.468,-10.9,22.106,3.15,4.5
Ömnögovi,Dalanzadgad,43.574898,104.428695,2017,11,-4.05,-17.8,25.117,0.35,0.5
Ömnögovi,Dalanzadgad,43.574898,104.428695,2017,12,-9.387,-19.6,21.335,0.14,0.2
Ömnögovi,Dalanzadgad,43.574898,104.428695,2018,1,-16.055,-30.0,21.616,1.68,2.4
Ömnögovi,Dalanzadgad,43.574898,104.428695,2018,2,-8.964,-23.2,24.686,0.49,0.7
Ömnögovi,Dalanzadgad,43.574898,104.428695,2018,3,4.91,-11.6,31.223,1.96,2.8
Ömnögovi,Dalanzadgad,43.574898,104.428695,2018,4,9.627,-9.3,31.133,2.73,9.4
Ömnögovi,Dalanzadgad,43.574898,104.428695,2018,5,17.219,1.5,31.106,0.0,5.2
Ömnögovi,Dalanzadgad,43.574898,104.428695,2018,6,22.013,7.8,26.583,0.0,4.1
Ömnögovi,Dalanzadgad,43.574898,104.428695,2018,7,22.503,11.7,26.052,0.0,55.2
Ömnögovi,Dalanzadgad,43.574898,104.428695,2018,8,20.345,10.1,21.365,0.0,73.5
Ömnögovi,Dalanzadgad,43.574898,104.428695,2018,9,12.187,-1.0,28.857,1.19,9.4
Ömnögovi,Dalanzadgad,43.574898,104.428695,2018,10,5.061,-6.7,23.945,0.0,0.0
Ömnögovi,Dalanzadgad,43.574898,104.428695,2018,11,-3.877,-16.1,19.54,1.96,2.9
Ömnögovi,Dalanzadgad,43.574898,104.428695,2018,12,-15.445,-29.8,20.842,0.14,0.2
Ömnögovi,Dalanzadgad,43.574898,104.428695,2019,1,-12.642,-26.3,21.171,0.14,0.2
Ömnögovi,Dalanzadgad,43.574898,104.428695,2019,2,-12.393,-25.9,18.968,4.2,6.0
Ömnögovi,Dalanzadgad,43.574898,104.428695,2019,3,0.481,-12.6,26.006,3.08,4.5
Ömnögovi,Dalanzadgad,43.574898,104.428695,2019,4,10.413,-3.5,28.71,0.07,3.1
Ömnögovi,Dalanzadgad,43.574898,104.428695,2019,5,12.61,-5.6,29.984,19.04,39.8
Ömnögovi,Dalanzadgad,43.574898,104.428695,2019,6,21.34,9.1,27.913,0.0,5.0
Ömnögovi,Dalanzadgad,43.574898,104.428695,2019,7,23.539,11.8,26.5,0.0,8.5
Ömnögovi,Dalanzadgad,43.574898,104.428695,2019,8,20.719,8.9,24.319,0.0,24.5
Ömnögovi,Dalanzadgad,43.574898,104.428695,2019,9,18.343,3.5,24.713,0.0,11.5
Ömnögovi,Dalanzadgad,43.574898,104.428695,2019,10,5.284,-10.9,23.555,7.98,12.1
Ömnögovi,Dalanzadgad,43.574898,104.428695,2019,11,-3.433,-20.5,22.657,0.56,0.8
Ömnögovi,Dalanzadgad,43.574898,104.428695,2019,12,-9.939,-27.1,19.845,0.91,1.3
Ömnögovi,Dalanzadgad,43.574898,104.428695,2020,1,-9.777,-21.9,18.184,0.84,1.2
Ömnögovi,Dalanzadgad,43.574898,104.428695,2020,2,-5.397,-22.0,20.859,5.67,8.0
Ömnögovi,Dalanzadgad,43.574898,104.428695,2020,3,0.887,-15.6,27.503,3.57,5.2
Ömnögovi,Dalanzadgad,43.574898,104.428695,2020,4,9.4,-7.8,26.143,0.49,1.4
Ömnögovi,Dalanzadgad,43.574898,104.428695,2020,5,14.503,0.9,30.977,3.08,22.4
Ömnögovi,Dalanzadgad,43.574898,104.428695,2020,6,21.343,7.6,30.78,0.0,1.2
Ömnögovi,Dalanzadgad,43.574898,104.428695,2020,7,23.594,12.6,24.681,0.0,14.3
Ömnögovi,Dalanzadgad,43.574898,104.428695,2020,8,20.735,11.0,25.429,0.0,30.7
Ömnögovi,Dalanzadgad,43.574898,104.428695,2020,9,15.277,2.5,24.39,0.0,9.4
Ömnögovi,Dalanzadgad,43.574898,104.428695,2020,10,3.919,-7.0,24.819,0.91,1.2
Ömnögovi,Dalanzadgad,43.574898,104.428695,2020,11,-3.29,-19.2,21.5,3.36,4.8
Ömnögovi,Dalanzadgad,43.574898,104.428695,2020,12,-16.01,-29.1,17.558,0.49,0.7
Ömnögovi,Dalanzadgad,43.574898,104.428695,2021,1,-12.371,-29.2,25.358,0.07,0.1
Ömnögovi,Dalanzadgad,43.574898,104.428695,2021,2,-2.711,-20.8,25.775,1.54,2.3
Ömnögovi,Dalanzadgad,43.574898,104.428695,2021,3,3.068,-12.6,28.171,1.12,1.6
Ömnögovi,Dalanzadgad,43.574898,104.428695,2021,4,8.2,-6.3,30.53,2.66,10.9
Ömnögovi,Dalanzadgad,43.574898,104.428695,2021,5,14.274,-2.5,35.6,0.0,4.6
Ömnögovi,Dalanzadgad,43.574898,104.428695,2021,6,20.113,3.0,29.14,0.0,12.8
Ömnögovi,Dalanzadgad,43.574898,104.428695,2021,7,22.168,11.4,23.368,0.0,73.9
Ömnögovi,Dalanzadgad,43.574898,104.428695,2021,8,19.29,6.8,27.474,0.0,5.7
Ömnögovi,Dalanzadgad,43.574898,104.428695,2021,9,16.343,2.6,27.117,0.0,13.7
Ömnögovi,Dalanzadgad,43.574898,104.428695,2021,10,5.255,-6.6,21.542,0.0,0.8
Ömnögovi,Dalanzadgad,43.574898,104.428695,2021,11,-3.107,-15.9,23.63,4.34,6.2
Ömnögovi,Dalanzadgad,43.574898,104.428695,2021,12,-8.903,-21.9,20.777,1.12,1.5
Ömnögovi,Dalanzadgad,43.574898,104.428695,2022,1,-11.097,-20.0,18.955,1.05,1.5
Ömnögovi,Dalanzadgad,43.574898,104.428695,2022,2,-10.925,-20.3,19.346,4.34,6.2
Ömnögovi,Dalanzadgad,43.574898,104.428695,2022,3,1.306,-12.4,30.41,0.98,1.7
Ömnögovi,Dalanzadgad,43.574898,104.428695,2022,4,8.16,-5.4,31.723,7.21,14.0
Ömnögovi,Dalanzadgad,43.574898,104.428695,2022,5,15.51,-0.4,30.619,0.14,4.9
Ömnögovi,Dalanzadgad,43.574898,104.428695,2022,6,22.113,7.2,28.9,0.0,12.8
Ömnögovi,Dalanzadgad,43.574898,104.428695,2022,7,22.839,11.6,27.081,0.0,19.8
Ömnögovi,Dalanzadgad,43.574898,104.428695,2022,8,22.397,6.6,26.584,0.0,6.8
Ömnögovi,Dalanzadgad,43.574898,104.428695,2022,9,17.467,3.1,27.387,0.49,14.2
Ömnögovi,Dalanzadgad,43.574898,104.428695,2022,10,4.994,-6.8,25.1,5.67,10.5
Ömnögovi,Dalanzadgad,43.574898,104.428695,2022,11,-3.167,-27.4,21.04,3.85,5.5
Ömnögovi,Dalanzadgad,43.574898,104.428695,2022,12,-13.481,-24.2,22.51,0.07,0.1
Ömnögovi,Dalanzadgad,43.574898,104.428695,2023,1,-12.058,-29.7,22.994,2.24,3.1
Ömnögovi,Dalanzadgad,43.574898,104.428695,2023,2,-5.346,-16.5,18.486,4.55,6.4
Ömnögovi,Dalanzadgad,43.574898,104.428695,2023,3,2.206,-14.6,28.358,0.07,0.5
Ömnögovi,Dalanzadgad,43.574898,104.428695,2023,4,6.03,-12.7,33.14,0.98,5.0
Ömnögovi,Dalanzadgad,43.574898,104.428695,2023,5,13.806,0.2,31.31,0.0,7.6
Ömnögovi,Dalanzadgad,43.574898,104.428695,2023,6,22.273,5.0,28.5,0.0,3.6
Ömnögovi,Dalanzadgad,43.574898,104.428695,2023,7,23.158,11.9,28.629,0.0,51.6
Ömnögovi,Dalanzadgad,43.574898,104.428695,2023,8,23.316,10.6,24.774,0.0,1.7
Ömnögovi,Dalanzadgad,43.574898,104.428695,2023,9,16.363,-0.2,25.25,0.0,9.1
Ömnögovi,Dalanzadgad,43.574898,104.428695,2023,10,9.658,-0.2,21.81,0.07,1.7
Ömnögovi,Dalanzadgad,43.574898,104.428695,2023,11,-4.08,-19.4,25.59,3.29,4.7
Ömnögovi,Dalanzadgad,43.574898,104.428695,2023,12,-11.003,-26.4,24.519,4.48,6.4
Ömnögovi,Dalanzadgad,43.574898,104.428695,2024,1,-11.7,-22.1,19.932,3.85,5.6
Ömnögovi,Dalanzadgad,43.574898,104.428695,2024,2,-10.028,-22.9,23.552,1.89,2.5
Ömnögovi,Dalanzadgad,43.574898,104.428695,2024,3,1.71,-13.9,26.332,0.63,1.4
Ömnögovi,Dalanzadgad,43.574898,104.428695,2024,4,9.237,-1.6,29.663,7.56,26.3
Ömnögovi,Dalanzadgad,43.574898,104.428695,2024,5,18.861,5.9,28.474,0.0,5.9
Ömnögovi,Dalanzadgad,43.574898,104.428695,2024,6,21.643,9.8,28.64,0.0,15.3
Ömnögovi,Dalanzadgad,43.574898,104.428695,2024,7,23.587,13.8,24.558,0.0,51.5
Ömnögovi,Dalanzadgad,43.574898,104.428695,2024,8,20.848,11.2,23.561,0.0,91.1
Ömnögovi,Dalanzadgad,43.574898,104.428695,2024,9,13.63,-0.4,23.743,8.12,81.6
Ömnögovi,Dalanzadgad,43.574898,104.428695,2024,10,6.768,-4.2,22.99,0.56,2.7
Ömnögovi,Dalanzadgad,43.574898,104.428695,2024,11,-1.01,-14.9,22.1,0.63,0.9
Ömnögovi,Dalanzadgad,43.574898,104.428695,2024,12,-11.552,-21.0,20.516,0.49,0.7
Ömnögovi,Gurvantes,43.95,101.48,2015,1,-9.848,-21.1,15.019,0.14,0.0
Ömnögovi,Gurvantes,43.95,101.48,2015,2,-6.529,-21.7,17.471,0.14,0.0
Ömnögovi,Gurvantes,43.95,101.48,2015,3,2.0,-15.4,24.848,1.05,1.4
Ömnögovi,Gurvantes,43.95,101.48,2015,4,10.627,-11.2,23.69,8.61,13.2
Ömnögovi,Gurvantes,43.95,101.48,2015,5,17.477,1.6,28.277,0.0,1.2
Ömnögovi,Gurvantes,43.95,101.48,2015,6,21.677,8.1,23.993,0.0,21.3
Ömnögovi,Gurvantes,43.95,101.48,2015,7,25.852,13.3,23.368,0.0,6.1
Ömnögovi,Gurvantes,43.95,101.48,2015,8,24.903,8.2,21.39,0.0,3.7
Ömnögovi,Gurvantes,43.95,101.48,2015,9,15.893,3.2,22.12,0.0,25.2
Ömnögovi,Gurvantes,43.95,101.48,2015,10,8.174,-7.7,19.768,0.0,0.0
Ömnögovi,Gurvantes,43.95,101.48,2015,11,-2.883,-18.5,14.947,2.1,1.5
Ömnögovi,Gurvantes,43.95,101.48,2015,12,-9.555,-21.3,14.49,0.91,0.4
Ömnögovi,Gurvantes,43.95,101.48,2016,1,-15.113,-26.6,12.835,0.7,0.0
Ömnögovi,Gurvantes,43.95,101.48,2016,2,-7.286,-22.7,16.962,0.07,0.2
Ömnögovi,Gurvantes,43.95,101.48,2016,3,3.745,-15.7,24.561,0.14,1.1
Ömnögovi,Gurvantes,43.95,101.48,2016,4,13.223,-3.3,27.28,0.0,0.1
Ömnögovi,Gurvantes,43.95,101.48,2016,5,16.623,-0.1,27.987,0.0,1.4
Ömnögovi,Gurvantes,43.95,101.48,2016,6,21.177,8.9,24.623,0.0,39.0
Ömnögovi,Gurvantes,43.95,101.48,2016,7,27.032,13.3,19.21,0.0,22.3
Ömnögovi,Gurvantes,43.95,101.48,2016,8,26.848,12.2,23.032,0.0,1.0
Ömnögovi,Gurvantes,43.95,101.48,2016,9,19.0,1.7,19.98,0.0,4.6
Ömnögovi,Gurvantes,43.95,101.48,2016,10,6.716,-13.8,23.613,0.0,3.9
Ömnögovi,Gurvantes,43.95,101.48,2016,11,-2.907,-21.4,23.577,1.19,1.7
Ömnögovi,Gurvantes,43.95,101.48,2016,12,-8.961,-21.6,14.023,0.77,0.7
Ömnögovi,Gurvantes,43.95,101.48,2017,1,-16.865,-27.7,13.816,1.47,2.1
Ömnögovi,Gurvantes,43.95,101.48,2017,2,-8.214,-24.1,15.264,1.12,1.5
Ömnögovi,Gurvantes,43.95,101.48,2017,3,1.387,-9.9,19.71,4.97,12.9
Ömnögovi,Gurvantes,43.95,101.48,2017,4,12.367,-0.6,25.94,0.0,2.8
Ömnögovi,Gurvantes,43.95,101.48,2017,5,19.19,-1.5,30.416,0.07,8.9
Ömnögovi,Gurvantes,43.95,101.48,2017,6,25.597,10.8,26.67,0.0,1.0
Ömnögovi,Gurvantes,43.95,101.48,2017,7,28.784,14.9,29.6,0.0,8.4
Ömnögovi,Gurvantes,43.95,101.48,2017,8,24.142,8.9,24.071,0.0,9.6
Ömnögovi,Gurvantes,43.95,101.48,2017,9,18.143,0.4,29.087,0.0,1.3
Ömnögovi,Gurvantes,43.95,101.48,2017,10,6.239,-9.1,20.6,1.05,1.7
Ömnögovi,Gurvantes,43.95,101.48,2017,11,-3.327,-16.4,26.723,0.0,0.0
Ömnögovi,Gurvantes,43.95,101.48,2017,12,-11.594,-20.1,16.548,0.0,0.0
Ömnögovi,Gurvantes,43.95,101.48,2018,1,-16.097,-27.2,19.368,1.19,1.7
Ömnögovi,Gurvantes,43.95,101.48,2018,2,-8.271,-22.6,22.482,0.0,0.0
Ömnögovi,Gurvantes,43.95,101.48,2018,3,7.094,-9.6,31.858,0.84,1.6
Ömnögovi,Gurvantes,43.95,101.48,2018,4,12.83,-7.4,32.743,0.14,0.4
Ömnögovi,Gurvantes,43.95,101.48,2018,5,19.665,3.1,33.223,0.0,1.2
Ömnögovi,Gurvantes,43.95,101.48,2018,6,25.813,9.5,27.51,0.0,1.7
Ömnögovi,Gurvantes,43.95,101.48,2018,7,25.642,14.3,25.645,0.0,56.1
Ömnögovi,Gurvantes,43.95,101.48,2018,8,23.081,11.1,19.868,0.0,18.2
Ömnögovi,Gurvantes,43.95,101.48,2018,9,14.16,0.3,25.77,0.0,21.8
Ömnögovi,Gurvantes,43.95,101.48,2018,10,6.555,-4.2,22.806,0.0,0.0
Ömnögovi,Gurvantes,43.95,101.48,2018,11,-4.687,-16.3,21.89,0.35,0.5
Ömnögovi,Gurvantes,43.95,101.48,2018,12,-16.648,-30.6,17.594,0.0,0.0
Ömnögovi,Gurvantes,43.95,101.48,2019,1,-14.484,-25.1,15.01,0.0,0.0
Ömnögovi,Gurvantes,43.95,101.48,2019,2,-13.014,-26.7,15.907,3.78,5.3
Ömnögovi,Gurvantes,43.95,101.48,2019,3,1.852,-11.2,19.803,2.17,3.1
Ömnögovi,Gurvantes,43.95,101.48,2019,4,13.523,-1.0,29.603,0.0,2.9
Ömnögovi,Gurvantes,43.95,101.48,2019,5,16.09,-2.8,30.342,6.44,12.2
Ömnögovi,Gurvantes,43.95,101.48,2019,6,24.537,11.9,29.61,0.0,19.0
Ömnögovi,Gurvantes,43.95,101.48,2019,7,26.048,14.1,26.594,0.0,12.0
Ömnögovi,Gurvantes,43.95,101.48,2019,8,23.929,11.4,20.1,0.0,35.1
Ömnögovi,Gurvantes,43.95,101.48,2019,9,19.88,7.1,21.937,0.0,2.4
Ömnögovi,Gurvantes,43.95,101.48,2019,10,7.187,-8.2,24.565,3.5,5.9
Ömnögovi,Gurvantes,43.95,101.48,2019,11,-3.273,-17.6,24.963,0.0,0.0
Ömnögovi,Gurvantes,43.95,101.48,2019,12,-11.01,-26.4,17.345,1.26,1.7
Ömnögovi,Gurvantes,43.95,101.48,2020,1,-16.087,-24.4,10.919,0.7,1.0
Ömnögovi,Gurvantes,43.95,101.48,2020,2,-7.424,-25.3,17.652,0.56,0.7
Ömnögovi,Gurvantes,43.95,101.48,2020,3,2.923,-12.7,28.445,0.28,0.5
Ömnögovi,Gurvantes,43.95,101.48,2020,4,12.453,-6.2,23.713,0.0,0.1
Ömnögovi,Gurvantes,43.95,101.48,2020,5,18.416,3.3,30.855,0.0,2.8
Ömnögovi,Gurvantes,43.95,101.48,2020,6,24.453,10.9,30.203,0.0,0.1
Ömnögovi,Gurvantes,43.95,101.48,2020,7,27.01,14.5,27.281,0.0,4.3
Ömnögovi,Gurvantes,43.95,101.48,2020,8,24.861,12.6,29.239,0.0,1.6
Ömnögovi,Gurvantes,43.95,101.48,2020,9,18.247,5.7,23.853,0.0,2.4
Ömnögovi,Gurvantes,43.95,101.48,2020,10,5.377,-5.3,26.629,0.0,0.0
Ömnögovi,Gurvantes,43.95,101.48,2020,11,-3.557,-18.0,16.363,1.4,2.1
Ömnögovi,Gurvantes,43.95,101.48,2020,12,-18.735,-29.6,13.623,0.28,0.4
Ömnögovi,Gurvantes,43.95,101.48,2021,1,-13.619,-29.2,22.703,0.0,0.0
Ömnögovi,Gurvantes,43.95,101.48,2021,2,-2.339,-20.1,27.3,0.49,0.8
Ömnögovi,Gurvantes,43.95,101.48,2021,3,4.503,-10.2,26.703,0.0,0.0
Ömnögovi,Gurvantes,43.95,101.48,2021,4,10.633,-2.5,31.753,0.14,5.8
Ömnögovi,Gurvantes,43.95,101.48,2021,5,18.242,3.0,34.719,0.0,1.5
Ömnögovi,Gurvantes,43.95,101.48,2021,6,23.66,5.2,31.7,0.0,5.5
Ömnögovi,Gurvantes,43.95,101.48,2021,7,25.742,13.2,25.087,0.0,28.4
Ömnögovi,Gurvantes,43.95,101.48,2021,8,22.929,10.1,26.048,0.0,6.1
Ömnögovi,Gurvantes,43.95,101.48,2021,9,18.663,4.4,25.09,0.0,5.4
Ömnögovi,Gurvantes,43.95,101.48,2021,10,6.487,-3.8,21.452,0.0,1.4
Ömnögovi,Gurvantes,43.95,101.48,2021,11,-6.353,-21.9,21.47,3.29,4.7
Ömnögovi,Gurvantes,43.95,101.48,2021,12,-17.848,-33.3,13.981,0.63,0.8
Ömnögovi,Gurvantes,43.95,101.48,2022,1,-18.603,-29.0,10.397,0.56,0.7
Ömnögovi,Gurvantes,43.95,101.48,2022,2,-14.05,-28.2,12.918,2.66,3.8
Ömnögovi,Gurvantes,43.95,101.48,2022,3,2.906,-13.2,31.277,0.0,0.2
Ömnögovi,Gurvantes,43.95,101.48,2022,4,10.733,-3.2,31.28,7.42,24.4
Ömnögovi,Gurvantes,43.95,101.48,2022,5,19.245,1.6,30.168,0.14,0.7
Ömnögovi,Gurvantes,43.95,101.48,2022,6,25.837,10.2,28.163,0.0,1.5
Ömnögovi,Gurvantes,43.95,101.48,2022,7,26.442,13.9,31.677,0.0,8.3
Ömnögovi,Gurvantes,43.95,101.48,2022,8,25.59,9.9,27.342,0.0,3.9
Ömnögovi,Gurvantes,43.95,101.48,2022,9,19.567,4.2,25.513,0.0,3.8
Ömnögovi,Gurvantes,43.95,101.48,2022,10,6.403,-7.3,23.003,6.51,18.0
Ömnögovi,Gurvantes,43.95,101.48,2022,11,-3.163,-23.5,22.787,1.47,2.9
Ömnögovi,Gurvantes,43.95,101.48,2022,12,-14.506,-23.1,16.561,0.35,0.5
Ömnögovi,Gurvantes,43.95,101.48,2023,1,-13.442,-27.9,19.932,1.12,1.6
Ömnögovi,Gurvantes,43.95,101.48,2023,2,-4.907,-15.7,15.318,1.89,2.7
Ömnögovi,Gurvantes,43.95,101.48,2023,3,3.858,-11.6,27.255,0.0,0.8
Ömnögovi,Gurvantes,43.95,101.48,2023,4,9.233,-7.5,33.89,1.12,3.8
Ömnögovi,Gurvantes,43.95,101.48,2023,5,16.432,4.3,34.068,0.0,21.5
Ömnögovi,Gurvantes,43.95,101.48,2023,6,25.493,7.0,28.31,0.0,12.8
Ömnögovi,Gurvantes,43.95,101.48,2023,7,27.852,14.7,29.068,0.0,8.0
Ömnögovi,Gurvantes,43.95,101.48,2023,8,26.097,11.1,27.468,0.0,17.2
Ömnögovi,Gurvantes,43.95,101.48,2023,9,18.163,1.0,26.367,0.0,10.8
Ömnögovi,Gurvantes,43.95,101.48,2023,10,11.042,-1.5,21.826,0.0,1.0
Ömnögovi,Gurvantes,43.95,101.48,2023,11,-3.403,-17.4,23.437,0.98,1.6
Ömnögovi,Gurvantes,43.95,101.48,2023,12,-13.01,-28.5,18.91,2.8,3.9
Ömnögovi,Gurvantes,43.95,101.48,2024,1,-14.7,-23.8,12.8,1.75,2.5
Ömnögovi,Gurvantes,43.95,101.48,2024,2,-10.814,-23.2,17.397,0.7,1.0
Ömnögovi,Gurvantes,43.95,101.48,2024,3,3.871,-12.1,26.187,0.21,0.4
Ömnögovi,Gurvantes,43.95,101.48,2024,4,11.643,-1.4,29.85,0.7,12.7
Ömnögovi,Gurvantes,43.95,101.48,2024,5,22.006,8.5,29.461,0.0,1.7
Ömnögovi,Gurvantes,43.95,101.48,2024,6,25.607,13.8,29.863,0.0,3.0
Ömnögovi,Gurvantes,43.95,101.48,2024,7,27.684,15.9,23.397,0.0,37.4
Ömnögovi,Gurvantes,43.95,101.48,2024,8,24.506,13.4,23.445,0.0,53.1
Ömnögovi,Gurvantes,43.95,101.48,2024,9,17.547,2.7,24.7,0.07,18.7
Ömnögovi,Gurvantes,43.95,101.48,2024,10,8.994,-2.2,24.174,0.28,1.9
Ömnögovi,Gurvantes,43.95,101.48,2024,11,-1.987,-17.7,21.077,6.3,8.9
Ömnögovi,Gurvantes,43.95,101.48,2024,12,-15.806,-25.6,14.377,0.77,1.1
Ömnögovi,Khankhongor,43.641231,104.636477,2015,1,-9.235,-21.7,17.8,0.21,0.0
Ömnögovi,Khankhongor,43.641231,104.636477,2015,2,-7.507,-22.2,21.196,0.35,0.0
Ömnögovi,Khankhongor,43.641231,104.636477,2015,3,-0.552,-18.0,24.455,0.77,1.0
Ömnögovi,Khankhongor,43.641231,104.636477,2015,4,7.69,-11.5,25.207,3.43,5.1
Ömnögovi,Khankhongor,43.641231,104.636477,2015,5,13.729,-1.5,27.068,1.75,4.5
Ömnögovi,Khankhongor,43.641231,104.636477,2015,6,18.08,4.4,23.287,0.28,20.4
Ömnögovi,Khankhongor,43.641231,104.636477,2015,7,21.577,7.2,21.735,0.0,38.8
Ömnögovi,Khankhongor,43.641231,104.636477,2015,8,21.061,8.4,22.361,0.0,4.8
Ömnögovi,Khankhongor,43.641231,104.636477,2015,9,13.743,-0.8,23.213,3.92,28.4
Ömnögovi,Khankhongor,43.641231,104.636477,2015,10,6.139,-8.9,21.448,1.19,2.9
Ömnögovi,Khankhongor,43.641231,104.636477,2015,11,-3.46,-18.9,17.987,0.84,0.5
Ömnögovi,Khankhongor,43.641231,104.636477,2015,12,-8.935,-19.3,17.871,1.96,1.7
Ömnögovi,Khankhongor,43.641231,104.636477,2016,1,-16.255,-26.3,18.842,0.28,0.0
Ömnögovi,Khankhongor,43.641231,104.636477,2016,2,-9.141,-22.4,22.476,0.35,0.3
Ömnögovi,Khankhongor,43.641231,104.636477,2016,3,0.606,-17.7,25.271,0.84,2.4
Ömnögovi,Khankhongor,43.641231,104.636477,2016,4,9.26,-7.2,27.233,0.35,0.2
Ömnögovi,Khankhongor,43.641231,104.636477,2016,5,12.994,-2.5,29.158,0.21,11.5
Ömnögovi,Khankhongor,43.641231,104.636477,2016,6,17.34,5.6,23.463,0.0,59.2
Ömnögovi,Khankhongor,43.641231,104.636477,2016,7,24.11,13.2,20.581,0.0,16.3
Ömnögovi,Khankhongor,43.641231,104.636477,2016,8,23.897,7.0,20.652,0.0,4.3
Ömnögovi,Khankhongor,43.641231,104.636477,2016,9,15.293,-0.4,21.0,0.0,14.0
Ömnögovi,Khankhongor,43.641231,104.636477,2016,10,5.213,-13.2,23.552,0.14,11.1
Ömnögovi,Khankhongor,43.641231,104.636477,2016,11,-3.747,-20.7,24.243,0.56,0.1
Ömnögovi,Khankhongor,43.641231,104.636477,2016,12,-7.816,-20.6,17.894,0.77,0.6
Ömnögovi,Khankhongor,43.641231,104.636477,2017,1,-12.871,-28.1,20.116,0.91,1.3
Ömnögovi,Khankhongor,43.641231,104.636477,2017,2,-6.879,-22.9,19.932,2.24,3.5
Ömnögovi,Khankhongor,43.641231,104.636477,2017,3,-1.432,-13.4,21.519,9.1,14.5
Ömnögovi,Khankhongor,43.641231,104.636477,2017,4,8.45,-3.0,24.88,0.21,2.9
Ömnögovi,Khankhongor,43.641231,104.636477,2017,5,16.387,-5.0,28.071,0.14,3.4
Ömnögovi,Khankhongor,43.641231,104.636477,2017,6,21.417,7.9,26.283,0.0,14.5
Ömnögovi,Khankhongor,43.641231,104.636477,2017,7,24.694,11.4,25.323,0.0,15.1
Ömnögovi,Khankhongor,43.641231,104.636477,2017,8,20.352,6.8,23.623,0.0,29.6
Ömnögovi,Khankhongor,43.641231,104.636477,2017,9,15.463,-3.7,26.227,0.0,2.8
Ömnögovi,Khankhongor,43.641231,104.636477,2017,10,4.806,-12.2,19.852,2.17,3.4
Ömnögovi,Khankhongor,43.641231,104.636477,2017,11,-5.063,-18.8,23.927,0.35,0.5
Ömnögovi,Khankhongor,43.641231,104.636477,2017,12,-10.619,-20.7,19.997,0.35,0.5
Ömnögovi,Khankhongor,43.641231,104.636477,2018,1,-16.716,-31.0,20.003,1.4,1.9
Ömnögovi,Khankhongor,43.641231,104.636477,2018,2,-9.764,-25.1,23.454,0.35,0.5
Ömnögovi,Khankhongor,43.641231,104.636477,2018,3,4.49,-11.8,26.474,1.61,2.4
Ömnögovi,Khankhongor,43.641231,104.636477,2018,4,9.147,-9.6,29.253,2.31,8.2
Ömnögovi,Khankhongor,43.641231,104.636477,2018,5,16.81,-0.1,29.003,0.0,6.1
Ömnögovi,Khankhongor,43.641231,104.636477,2018,6,21.82,5.9,24.793,0.0,0.8
Ömnögovi,Khankhongor,43.641231,104.636477,2018,7,22.329,11.2,23.445,0.0,49.9
Ömnögovi,Khankhongor,43.641231,104.636477,2018,8,20.116,9.2,18.471,0.0,58.7
Ömnögovi,Khankhongor,43.641231,104.636477,2018,9,11.67,-1.5,27.43,0.07,8.8
Ömnögovi,Khankhongor,43.641231,104.636477,2018,10,4.206,-7.3,22.706,0.0,0.0
Ömnögovi,Khankhongor,43.641231,104.636477,2018,11,-4.553,-17.8,19.573,1.61,2.5
Ömnögovi,Khankhongor,43.641231,104.636477,2018,12,-16.448,-31.0,20.239,0.0,0.0
Ömnögovi,Khankhongor,43.641231,104.636477,2019,1,-14.1,-27.4,18.403,0.0,0.0
Ömnögovi,Khankhongor,43.641231,104.636477,2019,2,-13.354,-26.3,17.186,3.71,5.6
Ömnögovi,Khankhongor,43.641231,104.636477,2019,3,-0.019,-12.4,24.065,2.8,4.0
Ömnögovi,Khankhongor,43.641231,104.636477,2019,4,9.927,-3.8,27.65,0.14,1.3
Ömnögovi,Khankhongor,43.641231,104.636477,2019,5,12.523,-5.3,26.852,12.95,31.2
Ömnögovi,Khankhongor,43.641231,104.636477,2019,6,21.343,7.6,27.6,0.0,5.2
Ömnögovi,Khankhongor,43.641231,104.636477,2019,7,23.439,11.8,25.99,0.0,8.3
Ömnögovi,Khankhongor,43.641231,104.636477,2019,8,20.435,9.3,22.358,0.0,21.5
Ömnögovi,Khankhongor,43.641231,104.636477,2019,9,17.807,3.6,22.693,0.0,10.3
Ömnögovi,Khankhongor,43.641231,104.636477,2019,10,4.616,-11.6,21.252,6.58,10.0
Ömnögovi,Khankhongor,43.641231,104.636477,2019,11,-4.067,-21.4,21.533,0.98,1.3
Ömnögovi,Khankhongor,43.641231,104.636477,2019,12,-11.31,-28.5,19.761,0.63,0.9
Ömnögovi,Khankhongor,43.641231,104.636477,2020,1,-11.145,-24.0,15.952,0.63,0.8
Ömnögovi,Khankhongor,43.641231,104.636477,2020,2,-6.359,-20.8,18.786,3.99,5.8
Ömnögovi,Khankhongor,43.641231,104.636477,2020,3,0.339,-15.2,25.668,2.52,3.7
Ömnögovi,Khankhongor,43.641231,104.636477,2020,4,8.82,-7.2,23.57,0.28,1.4
Ömnögovi,Khankhongor,43.641231,104.636477,2020,5,14.261,0.6,27.606,3.22,25.5
Ömnögovi,Khankhongor,43.641231,104.636477,2020,6,21.16,7.7,29.883,0.0,2.3
Ömnögovi,Khankhongor,43.641231,104.636477,2020,7,23.365,12.2,23.816,0.0,10.6
Ömnögovi,Khankhongor,43.641231,104.636477,2020,8,20.535,10.8,23.771,0.0,31.6
Ömnögovi,Khankhongor,43.641231,104.636477,2020,9,14.867,0.8,22.793,0.0,9.3
Ömnögovi,Khankhongor,43.641231,104.636477,2020,10,3.052,-7.1,24.148,0.77,1.3
Ömnögovi,Khankhongor,43.641231,104.636477,2020,11,-4.273,-20.4,19.703,2.94,4.2
Ömnögovi,Khankhongor,43.641231,104.636477,2020,12,-18.194,-31.8,16.106,0.35,0.4
Ömnögovi,Khankhongor,43.641231,104.636477,2021,1,-13.645,-30.8,23.284,0.0,0.0
Ömnögovi,Khankhongor,43.641231,104.636477,2021,2,-3.675,-21.8,23.575,1.19,1.7
Ömnögovi,Khankhongor,43.641231,104.636477,2021,3,2.332,-13.1,25.894,0.56,0.8
Ömnögovi,Khankhongor,43.641231,104.636477,2021,4,7.95,-6.5,29.063,2.8,11.2
Ömnögovi,Khankhongor,43.641231,104.636477,2021,5,14.029,-2.0,33.758,0.0,3.6
Ömnögovi,Khankhongor,43.641231,104.636477,2021,6,19.913,2.5,28.54,0.0,13.9
Ömnögovi,Khankhongor,43.641231,104.636477,2021,7,22.055,9.9,22.203,0.0,71.5
Ömnögovi,Khankhongor,43.641231,104.636477,2021,8,19.035,5.9,25.113,0.0,9.3
Ömnögovi,Khankhongor,43.641231,104.636477,2021,9,15.933,2.3,23.92,0.0,12.3
Ömnögovi,Khankhongor,43.641231,104.636477,2021,10,4.455,-6.7,20.439,0.0,0.4
Ömnögovi,Khankhongor,43.641231,104.636477,2021,11,-4.053,-18.0,21.84,3.57,5.1
Ömnögovi,Khankhongor,43.641231,104.636477,2021,12,-10.448,-23.3,19.794,0.84,1.2
Ömnögovi,Khankhongor,43.641231,104.636477,2022,1,-12.135,-22.4,17.181,0.77,1.0
Ömnögovi,Khankhongor,43.641231,104.636477,2022,2,-11.868,-23.9,17.496,2.66,3.8
Ömnögovi,Khankhongor,43.641231,104.636477,2022,3,0.823,-16.6,28.668,0.84,2.0
Ömnögovi,Khankhongor,43.641231,104.636477,2022,4,7.647,-5.8,29.703,8.26,15.8
Ömnögovi,Khankhongor,43.641231,104.636477,2022,5,15.161,-0.6,27.745,0.07,4.1
Ömnögovi,Khankhongor,43.641231,104.636477,2022,6,21.833,7.3,27.85,0.0,8.2
Ömnögovi,Khankhongor,43.641231,104.636477,2022,7,22.687,11.2,26.529,0.0,30.2
Ömnögovi,Khankhongor,43.641231,104.636477,2022,8,22.442,5.8,25.497,0.0,7.0
Ömnögovi,Khankhongor,43.641231,104.636477,2022,9,17.0,2.3,25.127,0.0,6.7
Ömnögovi,Khankhongor,43.641231,104.636477,2022,10,4.184,-8.1,22.297,12.11,19.4
Ömnögovi,Khankhongor,43.641231,104.636477,2022,11,-3.797,-27.5,19.927,3.43,4.8
Ömnögovi,Khankhongor,43.641231,104.636477,2022,12,-14.442,-25.6,21.232,0.07,0.1
Ömnögovi,Khankhongor,43.641231,104.636477,2023,1,-13.316,-30.2,21.713,1.68,2.5
Ömnögovi,Khankhongor,43.641231,104.636477,2023,2,-5.921,-17.6,17.979,3.29,4.7
Ömnögovi,Khankhongor,43.641231,104.636477,2023,3,1.4,-13.7,25.732,0.28,1.3
Ömnögovi,Khankhongor,43.641231,104.636477,2023,4,5.843,-11.1,30.48,0.63,2.7
Ömnögovi,Khankhongor,43.641231,104.636477,2023,5,13.577,-0.4,30.406,0.0,8.6
Ömnögovi,Khankhongor,43.641231,104.636477,2023,6,22.087,5.1,27.12,0.0,2.8
Ömnögovi,Khankhongor,43.641231,104.636477,2023,7,22.997,10.4,27.403,0.0,52.6
Ömnögovi,Khankhongor,43.641231,104.636477,2023,8,23.074,10.4,23.7,0.0,2.1
Ömnögovi,Khankhongor,43.641231,104.636477,2023,9,16.08,0.3,23.797,0.0,11.7
Ömnögovi,Khankhongor,43.641231,104.636477,2023,10,8.771,-1.9,21.197,0.0,0.3
Ömnögovi,Khankhongor,43.641231,104.636477,2023,11,-4.657,-18.8,24.377,2.1,3.2
Ömnögovi,Khankhongor,43.641231,104.636477,2023,12,-11.755,-28.4,22.813,4.13,5.9
Ömnögovi,Khankhongor,43.641231,104.636477,2024,1,-12.5,-24.1,17.871,3.99,5.7
Ömnögovi,Khankhongor,43.641231,104.636477,2024,2,-10.234,-21.1,20.683,0.84,1.2
Ömnögovi,Khankhongor,43.641231,104.636477,2024,3,0.955,-18.1,24.406,0.28,0.7
Ömnögovi,Khankhongor,43.641231,104.636477,2024,4,9.033,-3.0,28.66,6.79,21.9
Ömnögovi,Khankhongor,43.641231,104.636477,2024,5,18.429,4.4,26.274,0.0,5.1
Ömnögovi,Khankhongor,43.641231,104.636477,2024,6,21.553,10.0,28.237,0.0,15.2
Ömnögovi,Khankhongor,43.641231,104.636477,2024,7,23.448,12.6,23.313,0.0,42.7
Ömnögovi,Khankhongor,43.641231,104.636477,2024,8,20.832,10.6,22.458,0.0,102.5
Ömnögovi,Khankhongor,43.641231,104.636477,2024,9,13.54,-1.0,23.893,6.44,81.6
Ömnögovi,Khankhongor,43.641231,104.636477,2024,10,6.345,-4.8,21.665,0.0,0.8
Ömnögovi,Khankhongor,43.641231,104.636477,2024,11,-1.9,-16.1,22.61,0.49,1.0
Ömnögovi,Khankhongor,43.641231,104.636477,2024,12,-12.623,-21.9,21.419,0.7,0.8
Ömnögovi,Khurmen,45.47,104.17,2015,1,-11.387,-23.6,16.884,0.49,0.2
Ömnögovi,Khurmen,45.47,104.17,2015,2,-8.879,-22.6,19.429,0.21,0.0
Ömnögovi,Khurmen,45.47,104.17,2015,3,-1.797,-19.1,22.516,1.75,1.5
Ömnögovi,Khurmen,45.47,104.17,2015,4,6.777,-12.5,24.697,2.59,10.0
Ömnögovi,Khurmen,45.47,104.17,2015,5,11.868,-4.0,26.716,4.76,12.0
Ömnögovi,Khurmen,45.47,104.17,2015,6,17.663,4.1,22.227,0.0,47.0
Ömnögovi,Khurmen,45.47,104.17,2015,7,21.326,10.7,22.126,0.0,38.7
Ömnögovi,Khurmen,45.47,104.17,2015,8,21.548,9.9,21.106,0.0,7.3
Ömnögovi,Khurmen,45.47,104.17,2015,9,13.203,-1.3,23.213,1.68,21.7
Ömnögovi,Khurmen,45.47,104.17,2015,10,5.635,-9.1,20.852,0.98,1.8
Ömnögovi,Khurmen,45.47,104.17,2015,11,-7.283,-23.8,15.827,4.76,5.7
Ömnögovi,Khurmen,45.47,104.17,2015,12,-12.635,-23.1,15.029,1.05,0.7
Ömnögovi,Khurmen,45.47,104.17,2016,1,-20.029,-34.1,15.165,2.1,1.6
Ömnögovi,Khurmen,45.47,104.17,2016,2,-11.152,-24.9,17.776,0.35,0.0
Ömnögovi,Khurmen,45.47,104.17,2016,3,-0.629,-20.9,22.513,1.89,4.5
Ömnögovi,Khurmen,45.47,104.17,2016,4,7.757,-8.1,24.067,0.49,3.0
Ömnögovi,Khurmen,45.47,104.17,2016,5,12.403,-3.4,29.016,0.0,5.0
Ömnögovi,Khurmen,45.47,104.17,2016,6,16.953,5.7,21.71,0.0,57.1
Ömnögovi,Khurmen,45.47,104.17,2016,7,23.139,9.4,20.032,0.0,41.8
Ömnögovi,Khurmen,45.47,104.17,2016,8,21.623,5.0,20.729,0.0,18.5
Ömnögovi,Khurmen,45.47,104.17,2016,9,13.71,-1.1,19.753,0.0,32.3
Ömnögovi,Khurmen,45.47,104.17,2016,10,1.723,-15.1,19.332,0.91,18.6
Ömnögovi,Khurmen,45.47,104.17,2016,11,-6.473,-21.9,20.503,0.49,0.5
Ömnögovi,Khurmen,45.47,104.17,2016,12,-10.894,-21.3,17.316,2.8,3.4
Ömnögovi,Khurmen,45.47,104.17,2017,1,-16.31,-30.8,15.297,1.68,2.4
Ömnögovi,Khurmen,45.47,104.17,2017,2,-10.1,-26.0,18.0,2.38,3.4
Ömnögovi,Khurmen,45.47,104.17,2017,3,-2.735,-17.6,21.035,11.2,16.1
Ömnögovi,Khurmen,45.47,104.17,2017,4,7.77,-5.2,24.437,1.4,2.9
Ömnögovi,Khurmen,45.47,104.17,2017,5,15.223,-4.1,29.658,0.98,7.8
Ömnögovi,Khurmen,45.47,104.17,2017,6,21.32,6.8,26.563,0.0,10.8
Ömnögovi,Khurmen,45.47,104.17,2017,7,24.148,12.5,26.894,0.0,58.8
Ömnögovi,Khurmen,45.47,104.17,2017,8,18.781,4.7,22.703,0.0,30.4
Ömnögovi,Khurmen,45.47,104.17,2017,9,13.753,-4.2,24.317,0.0,2.3
Ömnögovi,Khurmen,45.47,104.17,2017,10,3.468,-12.4,20.042,2.87,4.3
Ömnögovi,Khurmen,45.47,104.17,2017,11,-6.867,-21.1,22.333,1.54,2.2
Ömnögovi,Khurmen,45.47,104.17,2017,12,-12.374,-22.5,17.413,0.21,0.3
Ömnögovi,Khurmen,45.47,104.17,2018,1,-18.268,-33.1,16.503,2.1,2.8
Ömnögovi,Khurmen,45.47,104.17,2018,2,-11.486,-27.0,19.779,0.7,0.8
Ömnögovi,Khurmen,45.47,104.17,2018,3,2.687,-16.6,28.306,1.05,2.4
Ömnögovi,Khurmen,45.47,104.17,2018,4,7.777,-10.3,28.71,4.13,8.4
Ömnögovi,Khurmen,45.47,104.17,2018,5,16.435,-2.5,30.181,0.0,1.0
Ömnögovi,Khurmen,45.47,104.17,2018,6,21.19,5.4,26.763,0.0,3.5
Ömnögovi,Khurmen,45.47,104.17,2018,7,21.613,9.4,24.548,0.0,49.9
Ömnögovi,Khurmen,45.47,104.17,2018,8,18.732,8.4,18.561,0.0,72.3
Ömnögovi,Khurmen,45.47,104.17,2018,9,10.46,-2.6,25.877,0.21,23.9
Ömnögovi,Khurmen,45.47,104.17,2018,10,3.868,-7.7,21.158,0.28,0.6
Ömnögovi,Khurmen,45.47,104.17,2018,11,-7.08,-20.5,18.963,0.35,0.5
Ömnögovi,Khurmen,45.47,104.17,2018,12,-17.735,-31.4,16.484,1.96,2.8
Ömnögovi,Khurmen,45.47,104.17,2019,1,-15.755,-27.5,17.858,0.14,0.2
Ömnögovi,Khurmen,45.47,104.17,2019,2,-15.386,-29.2,16.314,2.87,4.2
Ömnögovi,Khurmen,45.47,104.17,2019,3,-1.123,-14.4,22.552,3.64,5.3
Ömnögovi,Khurmen,45.47,104.17,2019,4,7.823,-4.4,28.55,2.24,8.2
Ömnögovi,Khurmen,45.47,104.17,2019,5,11.887,-4.4,30.645,6.72,10.5
Ömnögovi,Khurmen,45.47,104.17,2019,6,20.453,6.4,26.483,0.0,5.0
Ömnögovi,Khurmen,45.47,104.17,2019,7,22.148,11.4,25.642,0.0,21.6
Ömnögovi,Khurmen,45.47,104.17,2019,8,19.597,7.1,22.058,0.0,29.1
Ömnögovi,Khurmen,45.47,104.17,2019,9,17.13,4.2,22.6,0.0,7.2
Ömnögovi,Khurmen,45.47,104.17,2019,10,3.813,-9.3,23.019,0.28,1.1
Ömnögovi,Khurmen,45.47,104.17,2019,11,-5.94,-23.3,21.893,0.63,0.9
Ömnögovi,Khurmen,45.47,104.17,2019,12,-13.39,-30.2,15.81,1.33,1.8
Ömnögovi,Khurmen,45.47,104.17,2020,1,-13.79,-24.6,13.674,0.14,0.2
Ömnögovi,Khurmen,45.47,104.17,2020,2,-8.176,-23.8,19.852,1.82,2.5
Ömnögovi,Khurmen,45.47,104.17,2020,3,-0.919,-17.0,25.81,1.33,2.0
Ömnögovi,Khurmen,45.47,104.17,2020,4,8.71,-7.9,24.117,0.56,1.0
Ömnögovi,Khurmen,45.47,104.17,2020,5,13.755,-2.0,29.226,0.0,8.4
Ömnögovi,Khurmen,45.47,104.17,2020,6,20.433,6.2,28.81,0.0,6.6
Ömnögovi,Khurmen,45.47,104.17,2020,7,22.739,10.4,25.503,0.0,3.3
Ömnögovi,Khurmen,45.47,104.17,2020,8,20.042,8.6,23.942,0.0,5.2
Ömnögovi,Khurmen,45.47,104.17,2020,9,14.567,0.9,24.023,0.07,4.3
Ömnögovi,Khurmen,45.47,104.17,2020,10,2.284,-8.8,24.313,1.33,2.3
Ömnögovi,Khurmen,45.47,104.17,2020,11,-5.4,-21.2,17.807,3.01,4.4
Ömnögovi,Khurmen,45.47,104.17,2020,12,-19.565,-32.5,14.416,0.77,1.1
Ömnögovi,Khurmen,45.47,104.17,2021,1,-17.21,-35.3,18.916,0.49,0.7
Ömnögovi,Khurmen,45.47,104.17,2021,2,-5.886,-24.0,23.129,0.49,0.7
Ömnögovi,Khurmen,45.47,104.17,2021,3,1.042,-18.4,26.487,2.59,3.9
Ömnögovi,Khurmen,45.47,104.17,2021,4,6.51,-7.8,29.317,1.26,14.4
Ömnögovi,Khurmen,45.47,104.17,2021,5,12.639,-3.1,31.623,0.42,3.7
Ömnögovi,Khurmen,45.47,104.17,2021,6,18.94,2.5,27.203,0.49,16.6
Ömnögovi,Khurmen,45.47,104.17,2021,7,21.642,9.8,20.932,0.0,60.9
Ömnögovi,Khurmen,45.47,104.17,2021,8,18.771,5.8,25.503,0.0,11.7
Ömnögovi,Khurmen,45.47,104.17,2021,9,14.393,-1.2,24.377,0.0,4.9
Ömnögovi,Khurmen,45.47,104.17,2021,10,3.406,-8.2,20.355,2.59,8.3
Ömnögovi,Khurmen,45.47,104.17,2021,11,-5.41,-17.2,21.683,3.08,4.2
Ömnögovi,Khurmen,45.47,104.17,2021,12,-11.968,-25.4,16.939,0.35,0.5
Ömnögovi,Khurmen,45.47,104.17,2022,1,-14.513,-24.1,13.923,0.91,1.3
Ömnögovi,Khurmen,45.47,104.17,2022,2,-13.104,-25.0,17.025,0.35,0.6
Ömnögovi,Khurmen,45.47,104.17,2022,3,-1.061,-14.9,26.019,1.82,3.0
Ömnögovi,Khurmen,45.47,104.17,2022,4,6.25,-5.9,29.32,7.98,13.6
Ömnögovi,Khurmen,45.47,104.17,2022,5,14.39,-0.9,27.303,0.14,21.7
Ömnögovi,Khurmen,45.47,104.17,2022,6,20.557,6.0,26.413,0.0,27.0
Ömnögovi,Khurmen,45.47,104.17,2022,7,21.671,10.1,26.884,0.0,18.6
Ömnögovi,Khurmen,45.47,104.17,2022,8,19.923,4.5,25.265,0.0,17.3
Ömnögovi,Khurmen,45.47,104.17,2022,9,15.573,0.9,26.85,0.0,2.8
Ömnögovi,Khurmen,45.47,104.17,2022,10,2.671,-8.9,21.245,3.08,4.7
Ömnögovi,Khurmen,45.47,104.17,2022,11,-5.59,-26.1,19.443,0.35,0.5
Ömnögovi,Khurmen,45.47,104.17,2022,12,-16.052,-25.2,16.977,1.26,1.8
Ömnögovi,Khurmen,45.47,104.17,2023,1,-15.6,-31.6,18.519,1.96,2.8
Ömnögovi,Khurmen,45.47,104.17,2023,2,-8.811,-19.6,15.418,0.28,0.4
Ömnögovi,Khurmen,45.47,104.17,2023,3,-0.058,-15.7,25.187,0.35,0.5
Ömnögovi,Khurmen,45.47,104.17,2023,4,4.153,-12.3,30.31,1.68,3.6
Ömnögovi,Khurmen,45.47,104.17,2023,5,12.081,-1.0,29.916,0.0,16.2
Ömnögovi,Khurmen,45.47,104.17,2023,6,20.563,5.0,25.447,0.0,27.5
Ömnögovi,Khurmen,45.47,104.17,2023,7,21.358,9.8,25.548,0.0,53.8
Ömnögovi,Khurmen,45.47,104.17,2023,8,21.329,8.2,22.129,0.0,18.5
Ömnögovi,Khurmen,45.47,104.17,2023,9,14.513,-2.2,24.483,0.0,19.1
Ömnögovi,Khurmen,45.47,104.17,2023,10,7.565,-2.5,21.235,0.0,2.6
Ömnögovi,Khurmen,45.47,104.17,2023,11,-7.353,-23.3,20.64,6.16,9.9
Ömnögovi,Khurmen,45.47,104.17,2023,12,-14.694,-29.8,18.632,7.7,10.9
Ömnögovi,Khurmen,45.47,104.17,2024,1,-15.487,-28.5,16.226,4.83,7.1
Ömnögovi,Khurmen,45.47,104.17,2024,2,-13.648,-25.5,17.607,1.12,1.5
Ömnögovi,Khurmen,45.47,104.17,2024,3,-1.1,-17.5,22.161,0.7,1.0
Ömnögovi,Khurmen,45.47,104.17,2024,4,7.443,-4.9,29.243,10.08,19.8
Ömnögovi,Khurmen,45.47,104.17,2024,5,16.506,-0.1,27.99,0.0,17.4
Ömnögovi,Khurmen,45.47,104.17,2024,6,20.097,8.2,26.57,0.0,29.1
Ömnögovi,Khurmen,45.47,104.17,2024,7,23.294,12.9,21.255,0.0,39.7
Ömnögovi,Khurmen,45.47,104.17,2024,8,19.732,11.0,22.203,0.0,122.3
Ömnögovi,Khurmen,45.47,104.17,2024,9,13.183,-1.3,24.12,1.47,18.9
Ömnögovi,Khurmen,45.47,104.17,2024,10,4.719,-4.7,25.252,5.46,18.9
Ömnögovi,Khurmen,45.47,104.17,2024,11,-3.233,-18.4,19.937,1.54,2.2
Ömnögovi,Khurmen,45.47,104.17,2024,12,-14.258,-24.1,17.548,1.05,1.5
Ömnögovi,Tsogt-Ovoo,44.416667,105.333333,2015,1,-9.739,-25.5,20.452,0.35,0.0
Ömnögovi,Tsogt-Ovoo,44.416667,105.333333,2015,2,-7.661,-22.4,23.475,0.49,0.1
Ömnögovi,Tsogt-Ovoo,44.416667,105.333333,2015,3,-0.323,-17.3,25.219,0.35,0.2
Ömnögovi,Tsogt-Ovoo,44.416667,105.333333,2015,4,8.31,-11.9,28.033,0.7,3.9
Ömnögovi,Tsogt-Ovoo,44.416667,105.333333,2015,5,13.655,-1.5,28.271,2.1,6.4
Ömnögovi,Tsogt-Ovoo,44.416667,105.333333,2015,6,18.297,4.5,24.463,0.0,38.1
Ömnögovi,Tsogt-Ovoo,44.416667,105.333333,2015,7,22.442,10.4,23.058,0.0,27.7
Ömnögovi,Tsogt-Ovoo,44.416667,105.333333,2015,8,21.894,9.5,22.361,0.0,8.0
Ömnögovi,Tsogt-Ovoo,44.416667,105.333333,2015,9,14.077,0.5,23.72,2.94,34.1
Ömnögovi,Tsogt-Ovoo,44.416667,105.333333,2015,10,6.523,-9.4,24.035,1.12,2.5
Ömnögovi,Tsogt-Ovoo,44.416667,105.333333,2015,11,-4.963,-23.0,19.603,2.59,3.2
Ömnögovi,Tsogt-Ovoo,44.416667,105.333333,2015,12,-10.658,-21.4,19.368,1.68,1.7
Ömnögovi,Tsogt-Ovoo,44.416667,105.333333,2016,1,-17.987,-29.4,18.416,0.63,0.0
Ömnögovi,Tsogt-Ovoo,44.416667,105.333333,2016,2,-9.628,-23.5,22.617,0.91,0.8
Ömnögovi,Tsogt-Ovoo,44.416667,105.333333,2016,3,0.697,-18.8,27.477,0.84,3.2
Ömnögovi,Tsogt-Ovoo,44.416667,105.333333,2016,4,9.447,-6.4,28.533,0.42,2.1
Ömnögovi,Tsogt-Ovoo,44.416667,105.333333,2016,5,13.368,-2.7,30.794,0.0,12.6
Ömnögovi,Tsogt-Ovoo,44.416667,105.333333,2016,6,17.597,6.1,23.113,0.0,55.1
Ömnögovi,Tsogt-Ovoo,44.416667,105.333333,2016,7,25.4,12.2,22.568,0.0,13.2
Ömnögovi,Tsogt-Ovoo,44.416667,105.333333,2016,8,24.306,6.4,23.2,0.0,0.0
Ömnögovi,Tsogt-Ovoo,44.416667,105.333333,2016,9,15.353,-2.1,22.583,0.0,9.8
Ömnögovi,Tsogt-Ovoo,44.416667,105.333333,2016,10,4.213,-13.6,24.116,0.0,13.8
Ömnögovi,Tsogt-Ovoo,44.416667,105.333333,2016,11,-4.673,-22.9,25.47,0.56,0.4
Ömnögovi,Tsogt-Ovoo,44.416667,105.333333,2016,12,-9.019,-21.8,20.442,1.75,2.1
Ömnögovi,Tsogt-Ovoo,44.416667,105.333333,2017,1,-14.184,-27.8,20.465,1.12,1.7
Ömnögovi,Tsogt-Ovoo,44.416667,105.333333,2017,2,-8.221,-23.6,20.754,2.8,4.1
Ömnögovi,Tsogt-Ovoo,44.416667,105.333333,2017,3,-1.326,-13.1,21.681,11.69,17.7
Ömnögovi,Tsogt-Ovoo,44.416667,105.333333,2017,4,8.62,-3.0,24.773,0.56,2.9
Ömnögovi,Tsogt-Ovoo,44.416667,105.333333,2017,5,16.31,-4.6,27.771,1.47,10.8
Ömnögovi,Tsogt-Ovoo,44.416667,105.333333,2017,6,21.857,8.4,25.03,0.0,18.1
Ömnögovi,Tsogt-Ovoo,44.416667,105.333333,2017,7,24.565,10.2,24.458,0.0,39.6
Ömnögovi,Tsogt-Ovoo,44.416667,105.333333,2017,8,20.558,7.2,23.623,0.0,10.4
Ömnögovi,Tsogt-Ovoo,44.416667,105.333333,2017,9,15.34,-2.9,25.96,0.0,1.4
Ömnögovi,Tsogt-Ovoo,44.416667,105.333333,2017,10,4.845,-11.2,20.035,0.35,1.6
Ömnögovi,Tsogt-Ovoo,44.416667,105.333333,2017,11,-5.543,-19.2,26.37,0.35,0.4
Ömnögovi,Tsogt-Ovoo,44.416667,105.333333,2017,12,-11.519,-21.9,21.787,0.14,0.2
Ömnögovi,Tsogt-Ovoo,44.416667,105.333333,2018,1,-17.574,-32.2,20.926,1.05,1.5
Ömnögovi,Tsogt-Ovoo,44.416667,105.333333,2018,2,-10.418,-24.2,24.475,0.35,0.5
Ömnögovi,Tsogt-Ovoo,44.416667,105.333333,2018,3,4.406,-12.7,29.329,0.21,0.5
Ömnögovi,Tsogt-Ovoo,44.416667,105.333333,2018,4,8.987,-9.6,31.043,2.59,10.7
Ömnögovi,Tsogt-Ovoo,44.416667,105.333333,2018,5,17.339,-1.2,28.839,0.0,3.9
Ömnögovi,Tsogt-Ovoo,44.416667,105.333333,2018,6,22.193,6.2,25.523,0.0,1.8
Ömnögovi,Tsogt-Ovoo,44.416667,105.333333,2018,7,22.561,12.1,23.958,0.0,54.6
Ömnögovi,Tsogt-Ovoo,44.416667,105.333333,2018,8,20.061,10.1,19.806,0.0,66.0
Ömnögovi,Tsogt-Ovoo,44.416667,105.333333,2018,9,11.843,-1.8,27.523,0.56,8.1
Ömnögovi,Tsogt-Ovoo,44.416667,105.333333,2018,10,4.255,-7.7,23.313,0.63,0.9
Ömnögovi,Tsogt-Ovoo,44.416667,105.333333,2018,11,-5.43,-18.4,22.883,0.98,1.4
Ömnögovi,Tsogt-Ovoo,44.416667,105.333333,2018,12,-17.448,-35.5,22.106,0.63,0.9
Ömnögovi,Tsogt-Ovoo,44.416667,105.333333,2019,1,-14.555,-27.4,20.745,0.0,0.0
Ömnögovi,Tsogt-Ovoo,44.416667,105.333333,2019,2,-14.482,-28.1,17.982,3.85,5.6
Ömnögovi,Tsogt-Ovoo,44.416667,105.333333,2019,3,-0.323,-13.4,23.535,2.45,3.4
Ömnögovi,Tsogt-Ovoo,44.416667,105.333333,2019,4,9.397,-4.3,29.357,1.96,8.8
Ömnögovi,Tsogt-Ovoo,44.416667,105.333333,2019,5,13.252,-2.5,29.313,6.93,11.5
Ömnögovi,Tsogt-Ovoo,44.416667,105.333333,2019,6,21.817,8.9,27.623,0.0,4.6
Ömnögovi,Tsogt-Ovoo,44.416667,105.333333,2019,7,23.958,13.1,27.461,0.0,6.6
Ömnögovi,Tsogt-Ovoo,44.416667,105.333333,2019,8,20.61,9.2,22.184,0.0,26.0
Ömnögovi,Tsogt-Ovoo,44.416667,105.333333,2019,9,18.5,5.1,23.32,0.0,7.5
Ömnögovi,Tsogt-Ovoo,44.416667,105.333333,2019,10,4.874,-9.0,24.49,2.94,7.4
Ömnögovi,Tsogt-Ovoo,44.416667,105.333333,2019,11,-4.64,-22.0,23.18,0.07,0.0
Ömnögovi,Tsogt-Ovoo,44.416667,105.333333,2019,12,-12.029,-29.6,20.484,1.12,1.7
Ömnögovi,Tsogt-Ovoo,44.416667,105.333333,2020,1,-12.113,-23.2,17.039,0.28,0.4
Ömnögovi,Tsogt-Ovoo,44.416667,105.333333,2020,2,-6.679,-23.1,21.7,2.73,3.9
Ömnögovi,Tsogt-Ovoo,44.416667,105.333333,2020,3,0.213,-17.0,26.842,1.75,2.6
Ömnögovi,Tsogt-Ovoo,44.416667,105.333333,2020,4,9.067,-8.8,23.937,0.49,0.9
Ömnögovi,Tsogt-Ovoo,44.416667,105.333333,2020,5,15.048,-0.2,27.545,0.56,7.1
Ömnögovi,Tsogt-Ovoo,44.416667,105.333333,2020,6,21.65,8.9,28.027,0.0,5.7
Ömnögovi,Tsogt-Ovoo,44.416667,105.333333,2020,7,23.91,12.2,25.039,0.0,6.0
Ömnögovi,Tsogt-Ovoo,44.416667,105.333333,2020,8,20.852,10.4,25.094,0.0,29.0
Ömnögovi,Tsogt-Ovoo,44.416667,105.333333,2020,9,14.963,1.9,23.457,0.0,13.2
Ömnögovi,Tsogt-Ovoo,44.416667,105.333333,2020,10,3.126,-7.8,25.494,0.77,1.1
Ömnögovi,Tsogt-Ovoo,44.416667,105.333333,2020,11,-4.627,-20.4,19.463,2.03,2.9
Ömnögovi,Tsogt-Ovoo,44.416667,105.333333,2020,12,-17.387,-30.4,21.213,0.49,0.7
Ömnögovi,Tsogt-Ovoo,44.416667,105.333333,2021,1,-14.552,-31.5,24.155,0.7,1.0
Ömnögovi,Tsogt-Ovoo,44.416667,105.333333,2021,2,-4.436,-24.6,25.875,2.03,2.9
Ömnögovi,Tsogt-Ovoo,44.416667,105.333333,2021,3,2.561,-13.1,26.584,0.7,1.2
Ömnögovi,Tsogt-Ovoo,44.416667,105.333333,2021,4,8.107,-6.6,28.947,2.03,12.6
Ömnögovi,Tsogt-Ovoo,44.416667,105.333333,2021,5,13.942,-2.2,33.771,0.42,3.7
Ömnögovi,Tsogt-Ovoo,44.416667,105.333333,2021,6,20.093,2.3,29.233,0.0,11.7
Ömnögovi,Tsogt-Ovoo,44.416667,105.333333,2021,7,22.113,11.1,20.723,0.0,113.1
Ömnögovi,Tsogt-Ovoo,44.416667,105.333333,2021,8,19.271,6.7,24.594,0.0,12.9
Ömnögovi,Tsogt-Ovoo,44.416667,105.333333,2021,9,15.613,2.0,23.08,0.0,27.4
Ömnögovi,Tsogt-Ovoo,44.416667,105.333333,2021,10,4.448,-7.1,21.532,0.21,1.8
Ömnögovi,Tsogt-Ovoo,44.416667,105.333333,2021,11,-4.773,-15.6,24.527,2.8,4.0
Ömnögovi,Tsogt-Ovoo,44.416667,105.333333,2021,12,-11.0,-26.8,22.806,0.14,0.2
Ömnögovi,Tsogt-Ovoo,44.416667,105.333333,2022,1,-13.21,-22.3,16.29,1.4,1.9
Ömnögovi,Tsogt-Ovoo,44.416667,105.333333,2022,2,-12.707,-24.1,18.779,2.1,3.0
Ömnögovi,Tsogt-Ovoo,44.416667,105.333333,2022,3,0.487,-13.2,30.061,1.89,2.8
Ömnögovi,Tsogt-Ovoo,44.416667,105.333333,2022,4,7.833,-5.7,30.573,3.5,5.8
Ömnögovi,Tsogt-Ovoo,44.416667,105.333333,2022,5,15.3,-0.9,28.497,0.0,6.0
Ömnögovi,Tsogt-Ovoo,44.416667,105.333333,2022,6,21.52,7.8,26.513,0.0,16.6
Ömnögovi,Tsogt-Ovoo,44.416667,105.333333,2022,7,22.977,11.4,26.058,0.0,11.8
Ömnögovi,Tsogt-Ovoo,44.416667,105.333333,2022,8,21.716,5.6,26.387,0.0,3.9
Ömnögovi,Tsogt-Ovoo,44.416667,105.333333,2022,9,16.89,2.6,26.12,0.0,7.3
Ömnögovi,Tsogt-Ovoo,44.416667,105.333333,2022,10,4.197,-8.6,23.31,2.8,6.1
Ömnögovi,Tsogt-Ovoo,44.416667,105.333333,2022,11,-4.317,-27.0,22.73,1.05,1.4
Ömnögovi,Tsogt-Ovoo,44.416667,105.333333,2022,12,-15.797,-26.6,21.381,1.12,1.6
Ömnögovi,Tsogt-Ovoo,44.416667,105.333333,2023,1,-14.042,-32.4,23.806,1.47,2.1
Ömnögovi,Tsogt-Ovoo,44.416667,105.333333,2023,2,-7.043,-19.2,17.893,1.68,2.3
Ömnögovi,Tsogt-Ovoo,44.416667,105.333333,2023,3,1.345,-15.8,26.571,0.28,1.0
Ömnögovi,Tsogt-Ovoo,44.416667,105.333333,2023,4,5.62,-11.3,29.36,0.7,11.3
Ömnögovi,Tsogt-Ovoo,44.416667,105.333333,2023,5,13.623,0.5,32.026,0.0,18.5
Ömnögovi,Tsogt-Ovoo,44.416667,105.333333,2023,6,22.313,5.0,26.623,0.0,9.1
Ömnögovi,Tsogt-Ovoo,44.416667,105.333333,2023,7,22.4,11.3,27.11,0.0,51.1
Ömnögovi,Tsogt-Ovoo,44.416667,105.333333,2023,8,22.706,9.9,23.803,0.0,4.5
Ömnögovi,Tsogt-Ovoo,44.416667,105.333333,2023,9,16.023,1.1,24.41,0.0,14.2
Ömnögovi,Tsogt-Ovoo,44.416667,105.333333,2023,10,9.013,-1.9,23.01,0.0,0.3
Ömnögovi,Tsogt-Ovoo,44.416667,105.333333,2023,11,-5.503,-19.5,26.083,7.56,11.7
Ömnögovi,Tsogt-Ovoo,44.416667,105.333333,2023,12,-12.716,-28.4,23.423,6.72,9.5
Ömnögovi,Tsogt-Ovoo,44.416667,105.333333,2024,1,-14.203,-29.0,18.197,3.85,5.5
Ömnögovi,Tsogt-Ovoo,44.416667,105.333333,2024,2,-11.955,-23.5,20.779,0.98,1.3
Ömnögovi,Tsogt-Ovoo,44.416667,105.333333,2024,3,0.458,-15.1,24.755,1.05,1.4
Ömnögovi,Tsogt-Ovoo,44.416667,105.333333,2024,4,8.827,-2.9,28.737,5.74,17.0
Ömnögovi,Tsogt-Ovoo,44.416667,105.333333,2024,5,18.206,3.4,26.916,0.0,9.9
Ömnögovi,Tsogt-Ovoo,44.416667,105.333333,2024,6,21.797,8.8,28.423,0.0,11.7
Ömnögovi,Tsogt-Ovoo,44.416667,105.333333,2024,7,23.774,12.6,23.142,0.0,42.0
Ömnögovi,Tsogt-Ovoo,44.416667,105.333333,2024,8,21.048,10.9,21.813,0.0,60.7
Ömnögovi,Tsogt-Ovoo,44.416667,105.333333,2024,9,14.003,-0.8,24.837,5.81,52.0
Ömnögovi,Tsogt-Ovoo,44.416667,105.333333,2024,10,6.052,-3.8,24.613,0.14,4.9
Ömnögovi,Tsogt-Ovoo,44.416667,105.333333,2024,11,-1.817,-16.1,24.987,1.05,1.5
Ömnögovi,Tsogt-Ovoo,44.416667,105.333333,2024,12,-12.684,-22.6,22.852,0.49,0.7
Ömnögovi,Tsogtsetsii,43.771715,105.878711,2015,1,-10.013,-23.6,22.5,0.42,0.2
Ömnögovi,Tsogtsetsii,43.771715,105.878711,2015,2,-8.639,-22.4,23.943,0.21,0.0
Ömnögovi,Tsogtsetsii,43.771715,105.878711,2015,3,-1.932,-18.9,27.29,0.63,0.6
Ömnögovi,Tsogtsetsii,43.771715,105.878711,2015,4,6.443,-13.0,28.553,2.45,3.6
Ömnögovi,Tsogtsetsii,43.771715,105.878711,2015,5,11.942,-3.8,29.681,2.73,5.8
Ömnögovi,Tsogtsetsii,43.771715,105.878711,2015,6,16.563,3.1,26.173,0.42,25.5
Ömnögovi,Tsogtsetsii,43.771715,105.878711,2015,7,20.594,8.2,22.942,0.0,31.7
Ömnögovi,Tsogtsetsii,43.771715,105.878711,2015,8,19.79,7.4,23.803,0.0,8.0
Ömnögovi,Tsogtsetsii,43.771715,105.878711,2015,9,12.527,0.1,25.373,3.22,43.3
Ömnögovi,Tsogtsetsii,43.771715,105.878711,2015,10,5.161,-9.5,24.781,1.33,3.8
Ömnögovi,Tsogtsetsii,43.771715,105.878711,2015,11,-5.05,-22.2,21.91,1.33,1.3
Ömnögovi,Tsogtsetsii,43.771715,105.878711,2015,12,-10.523,-18.3,22.574,1.75,1.4
Ömnögovi,Tsogtsetsii,43.771715,105.878711,2016,1,-18.258,-30.4,22.455,0.42,0.2
Ömnögovi,Tsogtsetsii,43.771715,105.878711,2016,2,-11.024,-23.4,25.331,1.33,1.1
Ömnögovi,Tsogtsetsii,43.771715,105.878711,2016,3,-0.968,-19.4,28.31,0.98,1.9
Ömnögovi,Tsogtsetsii,43.771715,105.878711,2016,4,7.673,-8.0,29.743,0.28,0.5
Ömnögovi,Tsogtsetsii,43.771715,105.878711,2016,5,11.526,-4.0,32.006,2.38,13.3
Ömnögovi,Tsogtsetsii,43.771715,105.878711,2016,6,15.617,5.1,24.65,0.0,70.3
Ömnögovi,Tsogtsetsii,43.771715,105.878711,2016,7,23.168,10.7,23.99,0.0,20.2
Ömnögovi,Tsogtsetsii,43.771715,105.878711,2016,8,22.49,5.6,23.961,0.0,5.4
Ömnögovi,Tsogtsetsii,43.771715,105.878711,2016,9,13.63,-2.7,22.363,0.0,12.8
Ömnögovi,Tsogtsetsii,43.771715,105.878711,2016,10,3.723,-14.3,25.674,1.75,12.1
Ömnögovi,Tsogtsetsii,43.771715,105.878711,2016,11,-5.26,-22.7,27.983,0.63,0.6
Ömnögovi,Tsogtsetsii,43.771715,105.878711,2016,12,-8.945,-22.1,22.755,0.84,0.7
Ömnögovi,Tsogtsetsii,43.771715,105.878711,2017,1,-12.981,-28.6,25.842,0.84,1.4
Ömnögovi,Tsogtsetsii,43.771715,105.878711,2017,2,-8.321,-23.6,25.382,3.92,5.5
Ömnögovi,Tsogtsetsii,43.771715,105.878711,2017,3,-3.732,-13.9,24.61,12.81,19.3
Ömnögovi,Tsogtsetsii,43.771715,105.878711,2017,4,6.577,-3.8,27.77,0.7,2.6
Ömnögovi,Tsogtsetsii,43.771715,105.878711,2017,5,14.603,-6.6,31.877,1.82,7.8
Ömnögovi,Tsogtsetsii,43.771715,105.878711,2017,6,19.393,5.8,27.593,0.0,33.0
Ömnögovi,Tsogtsetsii,43.771715,105.878711,2017,7,22.684,9.2,25.99,0.0,19.6
Ömnögovi,Tsogtsetsii,43.771715,105.878711,2017,8,18.316,6.0,26.035,0.0,20.5
Ömnögovi,Tsogtsetsii,43.771715,105.878711,2017,9,14.143,-3.4,29.377,0.0,1.9
Ömnögovi,Tsogtsetsii,43.771715,105.878711,2017,10,3.7,-11.6,23.9,3.57,5.3
Ömnögovi,Tsogtsetsii,43.771715,105.878711,2017,11,-6.34,-20.3,30.79,0.21,0.3
Ömnögovi,Tsogtsetsii,43.771715,105.878711,2017,12,-11.261,-21.0,26.945,0.63,0.8
Ömnögovi,Tsogtsetsii,43.771715,105.878711,2018,1,-17.674,-33.4,25.342,2.66,3.8
Ömnögovi,Tsogtsetsii,43.771715,105.878711,2018,2,-11.55,-24.2,28.325,0.63,0.9
Ömnögovi,Tsogtsetsii,43.771715,105.878711,2018,3,2.613,-13.9,31.426,1.05,1.7
Ömnögovi,Tsogtsetsii,43.771715,105.878711,2018,4,7.043,-12.1,33.423,3.01,5.7
Ömnögovi,Tsogtsetsii,43.771715,105.878711,2018,5,14.852,-2.9,31.3,1.05,7.9
Ömnögovi,Tsogtsetsii,43.771715,105.878711,2018,6,19.803,4.0,28.517,0.0,1.9
Ömnögovi,Tsogtsetsii,43.771715,105.878711,2018,7,20.626,10.9,26.855,0.0,56.1
Ömnögovi,Tsogtsetsii,43.771715,105.878711,2018,8,18.384,9.6,21.577,0.0,85.1
Ömnögovi,Tsogtsetsii,43.771715,105.878711,2018,9,10.213,-2.5,31.763,0.49,4.7
Ömnögovi,Tsogtsetsii,43.771715,105.878711,2018,10,3.026,-6.7,27.029,0.21,0.3
Ömnögovi,Tsogtsetsii,43.771715,105.878711,2018,11,-5.62,-16.1,26.097,1.61,2.4
Ömnögovi,Tsogtsetsii,43.771715,105.878711,2018,12,-16.587,-30.5,26.958,0.56,0.7
Ömnögovi,Tsogtsetsii,43.771715,105.878711,2019,1,-14.113,-26.0,25.206,0.0,0.0
Ömnögovi,Tsogtsetsii,43.771715,105.878711,2019,2,-14.461,-27.6,21.825,4.76,6.8
Ömnögovi,Tsogtsetsii,43.771715,105.878711,2019,3,-1.771,-13.8,26.984,5.67,8.0
Ömnögovi,Tsogtsetsii,43.771715,105.878711,2019,4,7.397,-5.1,32.59,1.68,5.5
Ömnögovi,Tsogtsetsii,43.771715,105.878711,2019,5,10.077,-6.1,30.39,15.68,31.3
Ömnögovi,Tsogtsetsii,43.771715,105.878711,2019,6,19.247,7.1,29.293,0.0,3.2
Ömnögovi,Tsogtsetsii,43.771715,105.878711,2019,7,21.629,9.9,28.4,0.0,11.4
Ömnögovi,Tsogtsetsii,43.771715,105.878711,2019,8,18.535,7.1,26.397,0.0,21.3
Ömnögovi,Tsogtsetsii,43.771715,105.878711,2019,9,16.317,4.1,25.4,0.0,12.2
Ömnögovi,Tsogtsetsii,43.771715,105.878711,2019,10,2.755,-11.1,26.165,8.75,26.7
Ömnögovi,Tsogtsetsii,43.771715,105.878711,2019,11,-5.01,-19.7,28.357,0.14,0.2
Ömnögovi,Tsogtsetsii,43.771715,105.878711,2019,12,-11.555,-26.6,26.268,0.7,1.0
Ömnögovi,Tsogtsetsii,43.771715,105.878711,2020,1,-10.881,-20.1,22.003,0.28,0.3
Ömnögovi,Tsogtsetsii,43.771715,105.878711,2020,2,-7.331,-20.7,25.452,3.92,5.5
Ömnögovi,Tsogtsetsii,43.771715,105.878711,2020,3,-1.548,-16.9,29.074,1.19,2.2
Ömnögovi,Tsogtsetsii,43.771715,105.878711,2020,4,6.917,-7.8,26.947,0.28,1.0
Ömnögovi,Tsogtsetsii,43.771715,105.878711,2020,5,12.406,-1.4,31.271,2.45,14.2
Ömnögovi,Tsogtsetsii,43.771715,105.878711,2020,6,19.173,7.2,30.243,0.0,5.2
Ömnögovi,Tsogtsetsii,43.771715,105.878711,2020,7,21.571,10.2,26.829,0.0,10.9
Ömnögovi,Tsogtsetsii,43.771715,105.878711,2020,8,17.974,8.9,26.813,0.0,61.2
Ömnögovi,Tsogtsetsii,43.771715,105.878711,2020,9,12.937,0.9,26.137,0.21,10.5
Ömnögovi,Tsogtsetsii,43.771715,105.878711,2020,10,2.135,-7.8,29.445,1.33,1.9
Ömnögovi,Tsogtsetsii,43.771715,105.878711,2020,11,-5.067,-18.5,25.053,3.01,4.3
Ömnögovi,Tsogtsetsii,43.771715,105.878711,2020,12,-16.329,-29.0,24.532,0.63,0.8
Ömnögovi,Tsogtsetsii,43.771715,105.878711,2021,1,-14.29,-31.7,28.442,0.14,0.2
Ömnögovi,Tsogtsetsii,43.771715,105.878711,2021,2,-5.064,-23.9,29.329,2.94,4.2
Ömnögovi,Tsogtsetsii,43.771715,105.878711,2021,3,0.903,-14.4,29.648,0.63,1.0
Ömnögovi,Tsogtsetsii,43.771715,105.878711,2021,4,5.923,-8.9,33.237,1.89,9.4
Ömnögovi,Tsogtsetsii,43.771715,105.878711,2021,5,11.248,-4.8,36.287,1.61,6.0
Ömnögovi,Tsogtsetsii,43.771715,105.878711,2021,6,17.797,0.2,30.57,0.0,13.7
Ömnögovi,Tsogtsetsii,43.771715,105.878711,2021,7,20.113,9.7,22.826,0.0,118.7
Ömnögovi,Tsogtsetsii,43.771715,105.878711,2021,8,16.803,5.1,27.955,0.0,26.2
Ömnögovi,Tsogtsetsii,43.771715,105.878711,2021,9,13.833,0.7,27.06,0.0,24.1
Ömnögovi,Tsogtsetsii,43.771715,105.878711,2021,10,3.061,-9.4,23.903,0.91,3.5
Ömnögovi,Tsogtsetsii,43.771715,105.878711,2021,11,-5.073,-17.5,28.893,3.57,5.1
Ömnögovi,Tsogtsetsii,43.771715,105.878711,2021,12,-10.6,-26.0,25.616,0.35,0.5
Ömnögovi,Tsogtsetsii,43.771715,105.878711,2022,1,-12.584,-21.8,21.623,1.61,2.3
Ömnögovi,Tsogtsetsii,43.771715,105.878711,2022,2,-13.436,-23.7,21.264,3.22,4.7
Ömnögovi,Tsogtsetsii,43.771715,105.878711,2022,3,-1.113,-15.2,33.619,4.34,6.2
Ömnögovi,Tsogtsetsii,43.771715,105.878711,2022,4,5.687,-6.9,34.553,6.51,12.9
Ömnögovi,Tsogtsetsii,43.771715,105.878711,2022,5,12.984,-2.8,30.906,0.14,8.7
Ömnögovi,Tsogtsetsii,43.771715,105.878711,2022,6,19.217,5.2,29.993,0.0,22.7
Ömnögovi,Tsogtsetsii,43.771715,105.878711,2022,7,21.11,10.3,30.177,0.0,15.3
Ömnögovi,Tsogtsetsii,43.771715,105.878711,2022,8,19.5,4.4,28.148,0.0,24.7
Ömnögovi,Tsogtsetsii,43.771715,105.878711,2022,9,15.43,1.1,30.14,0.0,1.7
Ömnögovi,Tsogtsetsii,43.771715,105.878711,2022,10,3.094,-8.4,26.497,1.75,5.2
Ömnögovi,Tsogtsetsii,43.771715,105.878711,2022,11,-4.98,-28.2,26.957,3.43,4.9
Ömnögovi,Tsogtsetsii,43.771715,105.878711,2022,12,-15.648,-26.2,26.232,0.84,1.1
Ömnögovi,Tsogtsetsii,43.771715,105.878711,2023,1,-13.884,-32.8,28.332,2.8,3.9
Ömnögovi,Tsogtsetsii,43.771715,105.878711,2023,2,-7.732,-18.6,22.893,2.45,3.6
Ömnögovi,Tsogtsetsii,43.771715,105.878711,2023,3,-0.171,-16.9,30.058,0.84,1.2
Ömnögovi,Tsogtsetsii,43.771715,105.878711,2023,4,3.827,-13.4,35.673,1.54,4.1
Ömnögovi,Tsogtsetsii,43.771715,105.878711,2023,5,11.332,-1.2,33.668,0.07,33.6
Ömnögovi,Tsogtsetsii,43.771715,105.878711,2023,6,19.997,3.2,29.873,0.0,7.4
Ömnögovi,Tsogtsetsii,43.771715,105.878711,2023,7,20.706,9.7,30.339,0.0,32.5
Ömnögovi,Tsogtsetsii,43.771715,105.878711,2023,8,20.884,8.6,26.394,0.0,5.7
Ömnögovi,Tsogtsetsii,43.771715,105.878711,2023,9,14.49,-0.6,26.827,0.0,8.2
Ömnögovi,Tsogtsetsii,43.771715,105.878711,2023,10,7.732,-1.6,25.252,0.0,0.3
Ömnögovi,Tsogtsetsii,43.771715,105.878711,2023,11,-6.407,-22.3,28.847,4.83,6.7
Ömnögovi,Tsogtsetsii,43.771715,105.878711,2023,12,-13.016,-29.6,27.919,6.02,8.7
Ömnögovi,Tsogtsetsii,43.771715,105.878711,2024,1,-13.958,-30.5,22.31,6.51,9.2
Ömnögovi,Tsogtsetsii,43.771715,105.878711,2024,2,-11.493,-23.6,23.938,2.1,3.0
Ömnögovi,Tsogtsetsii,43.771715,105.878711,2024,3,-0.719,-15.2,30.0,1.12,1.6
Ömnögovi,Tsogtsetsii,43.771715,105.878711,2024,4,7.263,-4.2,32.127,10.43,18.6
Ömnögovi,Tsogtsetsii,43.771715,105.878711,2024,5,16.219,2.0,30.045,0.0,12.2
Ömnögovi,Tsogtsetsii,43.771715,105.878711,2024,6,19.463,6.6,31.8,0.0,20.8
Ömnögovi,Tsogtsetsii,43.771715,105.878711,2024,7,21.968,12.1,25.503,0.0,50.9
Ömnögovi,Tsogtsetsii,43.771715,105.878711,2024,8,19.735,10.1,24.19,0.0,37.6
Ömnögovi,Tsogtsetsii,43.771715,105.878711,2024,9,11.913,-2.8,28.137,9.31,95.9
Ömnögovi,Tsogtsetsii,43.771715,105.878711,2024,10,4.568,-6.2,27.077,0.35,4.3
Ömnögovi,Tsogtsetsii,43.771715,105.878711,2024,11,-2.557,-17.5,27.853,1.61,2.3
Ömnögovi,Tsogtsetsii,43.771715,105.878711,2024,12,-13.552,-22.5,26.319,1.12,1.6
Ömnögovi,Mandal-Ovoo,45.75,106.27,2015,1,-11.461,-23.9,19.287,0.28,0.0
Ömnögovi,Mandal-Ovoo,45.75,106.27,2015,2,-9.743,-22.7,22.443,0.14,0.0
Ömnögovi,Mandal-Ovoo,45.75,106.27,2015,3,-3.068,-18.8,24.594,3.64,5.7
Ömnögovi,Mandal-Ovoo,45.75,106.27,2015,4,5.533,-13.2,28.657,4.27,7.6
Ömnögovi,Mandal-Ovoo,45.75,106.27,2015,5,10.532,-4.5,28.519,6.02,9.5
Ömnögovi,Mandal-Ovoo,45.75,106.27,2015,6,17.087,3.7,23.837,0.0,19.5
Ömnögovi,Mandal-Ovoo,45.75,106.27,2015,7,21.242,10.7,20.971,0.0,22.7
Ömnögovi,Mandal-Ovoo,45.75,106.27,2015,8,20.106,9.4,21.565,0.0,15.4
Ömnögovi,Mandal-Ovoo,45.75,106.27,2015,9,12.627,-2.6,22.673,1.33,16.5
Ömnögovi,Mandal-Ovoo,45.75,106.27,2015,10,4.726,-7.4,23.687,2.17,4.9
Ömnögovi,Mandal-Ovoo,45.75,106.27,2015,11,-8.79,-29.3,17.967,6.86,8.8
Ömnögovi,Mandal-Ovoo,45.75,106.27,2015,12,-14.252,-26.9,17.332,1.26,1.3
Ömnögovi,Mandal-Ovoo,45.75,106.27,2016,1,-20.313,-31.6,20.977,2.8,2.6
Ömnögovi,Mandal-Ovoo,45.75,106.27,2016,2,-11.907,-28.2,23.11,1.61,2.1
Ömnögovi,Mandal-Ovoo,45.75,106.27,2016,3,-1.923,-20.4,24.555,1.12,2.7
Ömnögovi,Mandal-Ovoo,45.75,106.27,2016,4,5.607,-6.9,26.357,0.0,2.0
Ömnögovi,Mandal-Ovoo,45.75,106.27,2016,5,10.897,-5.5,30.768,0.84,12.8
Ömnögovi,Mandal-Ovoo,45.75,106.27,2016,6,16.577,6.8,23.017,0.0,34.8
Ömnögovi,Mandal-Ovoo,45.75,106.27,2016,7,22.681,10.4,20.416,0.0,37.9
Ömnögovi,Mandal-Ovoo,45.75,106.27,2016,8,20.932,5.5,20.255,0.0,15.1
Ömnögovi,Mandal-Ovoo,45.75,106.27,2016,9,12.007,-2.3,20.84,3.92,34.9
Ömnögovi,Mandal-Ovoo,45.75,106.27,2016,10,0.455,-14.9,20.4,9.31,27.9
Ömnögovi,Mandal-Ovoo,45.75,106.27,2016,11,-7.373,-22.3,22.76,2.45,2.1
Ömnögovi,Mandal-Ovoo,45.75,106.27,2016,12,-10.59,-19.6,20.061,2.87,3.3
Ömnögovi,Mandal-Ovoo,45.75,106.27,2017,1,-15.571,-26.8,19.081,0.35,0.5
Ömnögovi,Mandal-Ovoo,45.75,106.27,2017,2,-10.054,-22.1,20.136,3.43,4.9
Ömnögovi,Mandal-Ovoo,45.75,106.27,2017,3,-2.71,-13.2,21.006,1.26,2.3
Ömnögovi,Mandal-Ovoo,45.75,106.27,2017,4,5.923,-5.4,24.59,0.77,2.3
Ömnögovi,Mandal-Ovoo,45.75,106.27,2017,5,13.855,-5.3,28.052,0.63,5.5
Ömnögovi,Mandal-Ovoo,45.75,106.27,2017,6,19.917,6.7,22.827,0.0,6.4
Ömnögovi,Mandal-Ovoo,45.75,106.27,2017,7,22.513,10.1,23.939,0.0,40.1
Ömnögovi,Mandal-Ovoo,45.75,106.27,2017,8,17.494,4.2,21.297,0.0,25.4
Ömnögovi,Mandal-Ovoo,45.75,106.27,2017,9,12.193,-4.0,24.96,0.0,13.6
Ömnögovi,Mandal-Ovoo,45.75,106.27,2017,10,2.2,-8.6,19.906,1.26,2.4
Ömnögovi,Mandal-Ovoo,45.75,106.27,2017,11,-7.963,-21.1,22.693,3.29,4.7
Ömnögovi,Mandal-Ovoo,45.75,106.27,2017,12,-12.181,-21.5,19.155,0.14,0.3
Ömnögovi,Mandal-Ovoo,45.75,106.27,2018,1,-18.397,-32.2,20.097,3.08,4.5
Ömnögovi,Mandal-Ovoo,45.75,106.27,2018,2,-13.046,-26.5,22.354,0.7,1.0
Ömnögovi,Mandal-Ovoo,45.75,106.27,2018,3,1.171,-17.6,24.694,0.91,1.4
Ömnögovi,Mandal-Ovoo,45.75,106.27,2018,4,6.367,-10.0,29.52,6.16,10.0
Ömnögovi,Mandal-Ovoo,45.75,106.27,2018,5,14.923,-3.2,28.755,0.35,4.4
Ömnögovi,Mandal-Ovoo,45.75,106.27,2018,6,19.51,5.3,25.52,0.0,2.9
Ömnögovi,Mandal-Ovoo,45.75,106.27,2018,7,20.103,8.9,21.79,0.0,75.0
Ömnögovi,Mandal-Ovoo,45.75,106.27,2018,8,18.435,9.8,18.387,0.0,70.6
Ömnögovi,Mandal-Ovoo,45.75,106.27,2018,9,9.137,-3.4,27.56,0.7,15.5
Ömnögovi,Mandal-Ovoo,45.75,106.27,2018,10,2.739,-5.8,22.648,0.56,0.8
Ömnögovi,Mandal-Ovoo,45.75,106.27,2018,11,-7.133,-18.1,20.6,0.56,0.8
Ömnögovi,Mandal-Ovoo,45.75,106.27,2018,12,-17.039,-28.5,19.003,0.28,0.3
Ömnögovi,Mandal-Ovoo,45.75,106.27,2019,1,-15.906,-27.0,20.894,0.14,0.2
Ömnögovi,Mandal-Ovoo,45.75,106.27,2019,2,-15.582,-31.1,17.018,1.54,2.1
Ömnögovi,Mandal-Ovoo,45.75,106.27,2019,3,-2.365,-15.1,22.687,4.9,6.9
Ömnögovi,Mandal-Ovoo,45.75,106.27,2019,4,5.69,-5.1,26.643,3.22,9.2
Ömnögovi,Mandal-Ovoo,45.75,106.27,2019,5,10.861,-3.0,30.065,10.15,16.1
Ömnögovi,Mandal-Ovoo,45.75,106.27,2019,6,19.13,4.6,23.503,0.0,11.3
Ömnögovi,Mandal-Ovoo,45.75,106.27,2019,7,21.629,10.1,23.668,0.0,8.8
Ömnögovi,Mandal-Ovoo,45.75,106.27,2019,8,17.69,6.4,20.365,0.0,42.5
Ömnögovi,Mandal-Ovoo,45.75,106.27,2019,9,15.807,2.7,21.54,0.0,6.9
Ömnögovi,Mandal-Ovoo,45.75,106.27,2019,10,2.397,-8.7,23.084,2.03,3.0
Ömnögovi,Mandal-Ovoo,45.75,106.27,2019,11,-6.877,-19.5,21.883,0.77,1.1
Ömnögovi,Mandal-Ovoo,45.75,106.27,2019,12,-13.926,-32.7,17.9,2.17,3.0
Ömnögovi,Mandal-Ovoo,45.75,106.27,2020,1,-15.771,-27.1,16.358,0.56,0.8
Ömnögovi,Mandal-Ovoo,45.75,106.27,2020,2,-10.224,-28.1,19.959,2.38,3.2
Ömnögovi,Mandal-Ovoo,45.75,106.27,2020,3,-2.703,-17.5,25.355,2.17,3.1
Ömnögovi,Mandal-Ovoo,45.75,106.27,2020,4,6.42,-7.4,24.43,0.21,0.4
Ömnögovi,Mandal-Ovoo,45.75,106.27,2020,5,12.023,-1.7,28.316,0.14,8.0
Ömnögovi,Mandal-Ovoo,45.75,106.27,2020,6,19.123,5.8,25.807,0.0,7.6
Ömnögovi,Mandal-Ovoo,45.75,106.27,2020,7,21.035,9.7,23.239,0.0,18.8
Ömnögovi,Mandal-Ovoo,45.75,106.27,2020,8,17.742,8.5,21.965,0.0,28.2
Ömnögovi,Mandal-Ovoo,45.75,106.27,2020,9,12.523,0.3,22.673,0.21,3.0
Ömnögovi,Mandal-Ovoo,45.75,106.27,2020,10,0.755,-8.4,24.623,5.04,8.1
Ömnögovi,Mandal-Ovoo,45.75,106.27,2020,11,-6.13,-20.7,18.413,2.94,4.3
Ömnögovi,Mandal-Ovoo,45.75,106.27,2020,12,-17.548,-28.0,18.748,0.28,0.3
Ömnögovi,Mandal-Ovoo,45.75,106.27,2021,1,-16.748,-32.3,20.39,0.42,0.5
Ömnögovi,Mandal-Ovoo,45.75,106.27,2021,2,-7.457,-25.6,21.818,1.33,1.8
Ömnögovi,Mandal-Ovoo,45.75,106.27,2021,3,-0.729,-17.5,24.697,2.1,3.0
Ömnögovi,Mandal-Ovoo,45.75,106.27,2021,4,4.857,-8.6,28.333,5.74,16.4
Ömnögovi,Mandal-Ovoo,45.75,106.27,2021,5,10.258,-4.2,32.239,0.49,4.2
Ömnögovi,Mandal-Ovoo,45.75,106.27,2021,6,17.197,1.2,26.69,0.84,24.2
Ömnögovi,Mandal-Ovoo,45.75,106.27,2021,7,21.387,8.1,19.745,0.0,23.6
Ömnögovi,Mandal-Ovoo,45.75,106.27,2021,8,17.429,5.8,23.735,0.0,26.0
Ömnögovi,Mandal-Ovoo,45.75,106.27,2021,9,12.17,-1.8,23.007,0.0,28.0
Ömnögovi,Mandal-Ovoo,45.75,106.27,2021,10,2.271,-9.4,20.523,3.5,7.5
Ömnögovi,Mandal-Ovoo,45.75,106.27,2021,11,-5.42,-15.9,21.76,1.82,2.5
Ömnögovi,Mandal-Ovoo,45.75,106.27,2021,12,-12.394,-30.5,19.639,0.77,1.1
Ömnögovi,Mandal-Ovoo,45.75,106.27,2022,1,-14.69,-26.6,17.352,1.75,2.5
Ömnögovi,Mandal-Ovoo,45.75,106.27,2022,2,-15.018,-26.3,17.818,0.07,0.1
Ömnögovi,Mandal-Ovoo,45.75,106.27,2022,3,-3.177,-14.6,24.397,3.43,5.0
Ömnögovi,Mandal-Ovoo,45.75,106.27,2022,4,4.857,-11.9,26.963,11.76,21.4
Ömnögovi,Mandal-Ovoo,45.75,106.27,2022,5,12.177,-5.3,25.716,0.63,12.0
Ömnögovi,Mandal-Ovoo,45.75,106.27,2022,6,18.053,4.1,25.13,0.14,52.3
Ömnögovi,Mandal-Ovoo,45.75,106.27,2022,7,19.719,9.1,23.719,0.0,37.1
Ömnögovi,Mandal-Ovoo,45.75,106.27,2022,8,17.252,3.9,23.132,0.0,58.2
Ömnögovi,Mandal-Ovoo,45.75,106.27,2022,9,14.267,0.6,26.017,0.07,13.0
Ömnögovi,Mandal-Ovoo,45.75,106.27,2022,10,1.052,-7.9,20.777,11.27,17.2
Ömnögovi,Mandal-Ovoo,45.75,106.27,2022,11,-6.88,-27.0,19.27,0.0,0.0
Ömnögovi,Mandal-Ovoo,45.75,106.27,2022,12,-16.381,-23.9,19.748,1.12,1.6
Ömnögovi,Mandal-Ovoo,45.75,106.27,2023,1,-15.961,-32.0,20.148,1.4,1.9
Ömnögovi,Mandal-Ovoo,45.75,106.27,2023,2,-9.829,-21.1,16.782,1.12,1.7
Ömnögovi,Mandal-Ovoo,45.75,106.27,2023,3,-1.51,-17.2,24.642,3.08,4.5
Ömnögovi,Mandal-Ovoo,45.75,106.27,2023,4,2.247,-12.2,29.08,2.52,5.6
Ömnögovi,Mandal-Ovoo,45.75,106.27,2023,5,10.545,-1.2,28.213,0.0,31.0
Ömnögovi,Mandal-Ovoo,45.75,106.27,2023,6,19.227,5.1,24.27,0.0,24.5
Ömnögovi,Mandal-Ovoo,45.75,106.27,2023,7,19.171,8.1,21.929,0.0,79.6
Ömnögovi,Mandal-Ovoo,45.75,106.27,2023,8,18.974,6.2,21.229,0.0,24.3
Ömnögovi,Mandal-Ovoo,45.75,106.27,2023,9,13.233,-1.1,23.053,0.56,22.7
Ömnögovi,Mandal-Ovoo,45.75,106.27,2023,10,5.826,-4.1,20.748,0.14,1.0
Ömnögovi,Mandal-Ovoo,45.75,106.27,2023,11,-7.98,-20.9,22.633,4.83,7.0
Ömnögovi,Mandal-Ovoo,45.75,106.27,2023,12,-15.019,-29.6,20.294,7.42,10.6
Ömnögovi,Mandal-Ovoo,45.75,106.27,2024,1,-15.571,-27.0,18.761,4.55,6.6
Ömnögovi,Mandal-Ovoo,45.75,106.27,2024,2,-16.193,-30.5,17.941,0.84,1.1
Ömnögovi,Mandal-Ovoo,45.75,106.27,2024,3,-3.419,-19.0,21.89,0.42,0.6
Ömnögovi,Mandal-Ovoo,45.75,106.27,2024,4,5.953,-4.4,25.84,6.65,12.3
Ömnögovi,Mandal-Ovoo,45.75,106.27,2024,5,14.723,-0.5,26.068,0.21,19.2
Ömnögovi,Mandal-Ovoo,45.75,106.27,2024,6,18.56,5.9,26.15,0.0,21.2
Ömnögovi,Mandal-Ovoo,45.75,106.27,2024,7,21.429,12.6,20.839,0.0,65.4
Ömnögovi,Mandal-Ovoo,45.75,106.27,2024,8,18.61,10.0,19.665,0.0,80.7
Ömnögovi,Mandal-Ovoo,45.75,106.27,2024,9,11.79,-3.3,24.293,6.86,39.4
Ömnögovi,Mandal-Ovoo,45.75,106.27,2024,10,3.006,-5.8,23.213,10.71,20.9
Ömnögovi,Mandal-Ovoo,45.75,106.27,2024,11,-3.757,-18.0,23.07,1.47,2.1
Ömnögovi,Mandal-Ovoo,45.75,106.27,2024,12,-14.719,-23.2,21.5,1.89,2.7
Ömnögovi,Manlai,43.983333,106.65,2015,1,-9.035,-23.4,23.513,0.56,0.2
Ömnögovi,Manlai,43.983333,106.65,2015,2,-7.471,-20.9,25.496,0.07,0.0
Ömnögovi,Manlai,43.983333,106.65,2015,3,-0.481,-18.0,27.223,0.28,0.0
Ömnögovi,Manlai,43.983333,106.65,2015,4,8.07,-11.4,29.66,2.17,3.6
Ömnögovi,Manlai,43.983333,106.65,2015,5,13.581,-2.4,30.49,2.31,5.0
Ömnögovi,Manlai,43.983333,106.65,2015,6,18.15,4.7,26.04,0.28,43.5
Ömnögovi,Manlai,43.983333,106.65,2015,7,22.829,10.7,22.035,0.0,21.5
Ömnögovi,Manlai,43.983333,106.65,2015,8,21.916,9.6,24.006,0.0,4.7
Ömnögovi,Manlai,43.983333,106.65,2015,9,14.503,0.9,25.407,1.54,27.8
Ömnögovi,Manlai,43.983333,106.65,2015,10,6.745,-8.2,25.294,1.12,2.5
Ömnögovi,Manlai,43.983333,106.65,2015,11,-4.83,-22.3,21.997,1.82,1.0
Ömnögovi,Manlai,43.983333,106.65,2015,12,-10.09,-17.8,23.516,1.12,0.7
Ömnögovi,Manlai,43.983333,106.65,2016,1,-16.774,-29.7,23.729,0.49,0.3
Ömnögovi,Manlai,43.983333,106.65,2016,2,-8.941,-21.3,27.086,1.12,1.5
Ömnögovi,Manlai,43.983333,106.65,2016,3,0.581,-19.0,28.629,0.42,0.9
Ömnögovi,Manlai,43.983333,106.65,2016,4,9.203,-6.4,29.723,0.21,0.4
Ömnögovi,Manlai,43.983333,106.65,2016,5,13.184,-3.0,32.503,1.47,19.3
Ömnögovi,Manlai,43.983333,106.65,2016,6,18.0,6.9,25.143,0.0,38.2
Ömnögovi,Manlai,43.983333,106.65,2016,7,25.216,12.5,23.061,0.0,16.8
Ömnögovi,Manlai,43.983333,106.65,2016,8,24.213,6.6,24.723,0.0,3.1
Ömnögovi,Manlai,43.983333,106.65,2016,9,15.053,-2.4,22.947,0.0,12.4
Ömnögovi,Manlai,43.983333,106.65,2016,10,4.545,-14.4,25.797,0.63,14.5
Ömnögovi,Manlai,43.983333,106.65,2016,11,-4.43,-22.4,28.547,0.63,0.4
Ömnögovi,Manlai,43.983333,106.65,2016,12,-8.003,-20.7,23.406,1.61,1.8
Ömnögovi,Manlai,43.983333,106.65,2017,1,-12.835,-27.0,27.684,0.7,1.1
Ömnögovi,Manlai,43.983333,106.65,2017,2,-7.461,-21.4,25.989,3.5,5.0
Ömnögovi,Manlai,43.983333,106.65,2017,3,-1.606,-14.6,23.874,12.04,17.6
Ömnögovi,Manlai,43.983333,106.65,2017,4,8.377,-3.5,27.367,0.07,3.2
Ömnögovi,Manlai,43.983333,106.65,2017,5,16.297,-4.8,31.042,1.4,6.4
Ömnögovi,Manlai,43.983333,106.65,2017,6,21.113,8.4,28.11,0.0,37.3
Ömnögovi,Manlai,43.983333,106.65,2017,7,24.342,10.9,25.49,0.0,24.4
Ömnögovi,Manlai,43.983333,106.65,2017,8,19.819,8.4,25.629,0.0,17.3
Ömnögovi,Manlai,43.983333,106.65,2017,9,15.567,-1.6,29.443,0.0,2.5
Ömnögovi,Manlai,43.983333,106.65,2017,10,5.074,-9.2,23.039,2.1,3.3
Ömnögovi,Manlai,43.983333,106.65,2017,11,-5.21,-19.6,31.34,0.21,0.3
Ömnögovi,Manlai,43.983333,106.65,2017,12,-10.41,-19.5,29.065,0.21,0.3
Ömnögovi,Manlai,43.983333,106.65,2018,1,-16.59,-31.2,27.8,1.96,2.8
Ömnögovi,Manlai,43.983333,106.65,2018,2,-10.154,-23.0,29.132,0.14,0.2
Ömnögovi,Manlai,43.983333,106.65,2018,3,3.874,-12.8,29.955,0.42,1.0
Ömnögovi,Manlai,43.983333,106.65,2018,4,8.717,-10.2,33.857,3.43,5.7
Ömnögovi,Manlai,43.983333,106.65,2018,5,16.658,-0.9,31.161,0.0,5.9
Ömnögovi,Manlai,43.983333,106.65,2018,6,21.783,6.7,29.2,0.0,1.6
Ömnögovi,Manlai,43.983333,106.65,2018,7,22.365,12.3,25.977,0.0,45.1
Ömnögovi,Manlai,43.983333,106.65,2018,8,20.103,10.9,20.535,0.0,77.9
Ömnögovi,Manlai,43.983333,106.65,2018,9,11.877,-1.4,32.287,0.0,7.7
Ömnögovi,Manlai,43.983333,106.65,2018,10,4.3,-6.1,27.313,0.14,0.2
Ömnögovi,Manlai,43.983333,106.65,2018,11,-4.417,-16.0,26.857,1.33,1.8
Ömnögovi,Manlai,43.983333,106.65,2018,12,-15.555,-29.6,28.545,0.28,0.4
Ömnögovi,Manlai,43.983333,106.65,2019,1,-13.232,-24.7,27.961,0.0,0.0
Ömnögovi,Manlai,43.983333,106.65,2019,2,-13.611,-29.0,21.55,4.55,6.4
Ömnögovi,Manlai,43.983333,106.65,2019,3,-0.248,-13.3,27.639,3.71,5.4
Ömnögovi,Manlai,43.983333,106.65,2019,4,8.66,-4.1,30.807,1.47,6.5
Ömnögovi,Manlai,43.983333,106.65,2019,5,12.845,-3.0,31.013,15.75,27.4
Ömnögovi,Manlai,43.983333,106.65,2019,6,21.073,9.3,28.723,0.0,3.4
Ömnögovi,Manlai,43.983333,106.65,2019,7,23.445,11.1,29.09,0.0,7.6
Ömnögovi,Manlai,43.983333,106.65,2019,8,19.939,8.7,25.142,0.0,27.6
Ömnögovi,Manlai,43.983333,106.65,2019,9,18.047,5.8,25.403,0.0,8.8
Ömnögovi,Manlai,43.983333,106.65,2019,10,4.419,-10.9,26.119,6.93,28.3
Ömnögovi,Manlai,43.983333,106.65,2019,11,-4.137,-20.0,27.83,0.0,0.0
Ömnögovi,Manlai,43.983333,106.65,2019,12,-10.948,-29.5,26.69,0.77,1.0
Ömnögovi,Manlai,43.983333,106.65,2020,1,-10.981,-20.0,22.523,0.21,0.2
Ömnögovi,Manlai,43.983333,106.65,2020,2,-6.362,-20.2,25.945,2.24,3.2
Ömnögovi,Manlai,43.983333,106.65,2020,3,0.21,-17.8,30.071,0.63,1.1
Ömnögovi,Manlai,43.983333,106.65,2020,4,8.293,-9.3,27.98,0.28,2.0
Ömnögovi,Manlai,43.983333,106.65,2020,5,14.494,-0.1,32.345,1.61,6.4
Ömnögovi,Manlai,43.983333,106.65,2020,6,21.123,7.2,30.203,0.0,3.4
Ömnögovi,Manlai,43.983333,106.65,2020,7,23.519,12.2,27.271,0.0,12.9
Ömnögovi,Manlai,43.983333,106.65,2020,8,19.439,9.9,26.452,0.0,69.8
Ömnögovi,Manlai,43.983333,106.65,2020,9,14.28,1.2,25.38,0.0,8.1
Ömnögovi,Manlai,43.983333,106.65,2020,10,3.465,-8.1,29.494,0.56,0.8
Ömnögovi,Manlai,43.983333,106.65,2020,11,-4.39,-18.6,24.64,2.1,3.1
Ömnögovi,Manlai,43.983333,106.65,2020,12,-15.458,-28.4,28.974,0.28,0.4
Ömnögovi,Manlai,43.983333,106.65,2021,1,-13.565,-31.1,30.21,0.42,0.5
Ömnögovi,Manlai,43.983333,106.65,2021,2,-4.246,-23.3,30.446,2.66,3.7
Ömnögovi,Manlai,43.983333,106.65,2021,3,2.41,-12.6,30.206,0.35,0.5
Ömnögovi,Manlai,43.983333,106.65,2021,4,7.807,-7.2,33.52,1.4,5.9
Ömnögovi,Manlai,43.983333,106.65,2021,5,12.923,-2.7,35.177,0.07,3.1
Ömnögovi,Manlai,43.983333,106.65,2021,6,19.62,1.8,30.547,0.0,10.3
Ömnögovi,Manlai,43.983333,106.65,2021,7,21.561,11.1,21.319,0.0,97.6
Ömnögovi,Manlai,43.983333,106.65,2021,8,18.565,6.9,26.777,0.0,20.0
Ömnögovi,Manlai,43.983333,106.65,2021,9,15.14,0.9,25.577,0.0,24.4
Ömnögovi,Manlai,43.983333,106.65,2021,10,4.419,-9.1,24.332,0.0,0.6
Ömnögovi,Manlai,43.983333,106.65,2021,11,-3.663,-14.5,30.603,2.87,4.2
Ömnögovi,Manlai,43.983333,106.65,2021,12,-9.587,-26.0,28.139,0.49,0.7
Ömnögovi,Manlai,43.983333,106.65,2022,1,-12.19,-21.5,22.394,0.7,1.0
Ömnögovi,Manlai,43.983333,106.65,2022,2,-12.032,-22.0,23.486,1.68,2.1
Ömnögovi,Manlai,43.983333,106.65,2022,3,0.161,-12.9,34.206,2.59,4.3
Ömnögovi,Manlai,43.983333,106.65,2022,4,7.447,-5.4,33.98,5.04,10.6
Ömnögovi,Manlai,43.983333,106.65,2022,5,14.458,-2.5,30.929,0.28,10.7
Ömnögovi,Manlai,43.983333,106.65,2022,6,20.49,7.2,29.477,0.0,20.7
Ömnögovi,Manlai,43.983333,106.65,2022,7,22.69,12.2,29.745,0.0,16.9
Ömnögovi,Manlai,43.983333,106.65,2022,8,20.523,6.4,27.339,0.0,14.0
Ömnögovi,Manlai,43.983333,106.65,2022,9,16.967,3.1,30.487,0.0,5.1
Ömnögovi,Manlai,43.983333,106.65,2022,10,4.294,-6.7,25.771,2.52,8.5
Ömnögovi,Manlai,43.983333,106.65,2022,11,-3.67,-26.5,27.113,1.26,1.9
Ömnögovi,Manlai,43.983333,106.65,2022,12,-14.574,-24.5,29.274,0.42,0.6
Ömnögovi,Manlai,43.983333,106.65,2023,1,-12.819,-31.0,29.603,2.17,3.1
Ömnögovi,Manlai,43.983333,106.65,2023,2,-6.736,-17.2,22.646,1.47,2.0
Ömnögovi,Manlai,43.983333,106.65,2023,3,0.997,-16.1,29.819,0.0,0.3
Ömnögovi,Manlai,43.983333,106.65,2023,4,5.4,-11.4,34.64,0.56,3.1
Ömnögovi,Manlai,43.983333,106.65,2023,5,12.871,0.6,32.558,0.0,22.9
Ömnögovi,Manlai,43.983333,106.65,2023,6,21.587,5.1,28.897,0.0,14.1
Ömnögovi,Manlai,43.983333,106.65,2023,7,22.084,10.9,30.6,0.0,23.6
Ömnögovi,Manlai,43.983333,106.65,2023,8,22.381,8.9,25.942,0.0,7.5
Ömnögovi,Manlai,43.983333,106.65,2023,9,15.993,1.4,28.12,0.0,12.8
Ömnögovi,Manlai,43.983333,106.65,2023,10,8.861,-1.0,25.635,0.0,0.0
Ömnögovi,Manlai,43.983333,106.65,2023,11,-5.73,-22.0,31.467,4.83,7.3
Ömnögovi,Manlai,43.983333,106.65,2023,12,-12.103,-28.5,29.971,5.32,7.7
Ömnögovi,Manlai,43.983333,106.65,2024,1,-12.419,-24.1,25.79,4.06,5.8
Ömnögovi,Manlai,43.983333,106.65,2024,2,-11.138,-23.1,24.71,1.89,2.7
Ömnögovi,Manlai,43.983333,106.65,2024,3,0.326,-14.1,29.771,0.49,0.6
Ömnögovi,Manlai,43.983333,106.65,2024,4,8.793,-2.2,31.73,3.92,8.6
Ömnögovi,Manlai,43.983333,106.65,2024,5,17.581,3.4,29.297,0.0,12.4
Ömnögovi,Manlai,43.983333,106.65,2024,6,21.167,7.7,31.96,0.0,5.5
Ömnögovi,Manlai,43.983333,106.65,2024,7,23.21,12.1,26.529,0.0,59.1
Ömnögovi,Manlai,43.983333,106.65,2024,8,21.484,12.1,23.723,0.0,23.2
Ömnögovi,Manlai,43.983333,106.65,2024,9,13.273,-0.3,27.67,2.1,95.3
Ömnögovi,Manlai,43.983333,106.65,2024,10,5.758,-5.6,27.6,0.07,6.9
Ömnögovi,Manlai,43.983333,106.65,2024,11,-1.45,-16.1,28.903,1.33,1.9
Ömnögovi,Manlai,43.983333,106.65,2024,12,-12.265,-21.0,28.79,1.75,2.5
Ömnögovi,Nomgon,44.75,103.85,2015,1,-10.132,-24.1,15.571,0.49,0.2
Ömnögovi,Nomgon,44.75,103.85,2015,2,-6.954,-22.6,18.421,0.14,0.0
Ömnögovi,Nomgon,44.75,103.85,2015,3,0.652,-16.3,23.619,1.19,1.3
Ömnögovi,Nomgon,44.75,103.85,2015,4,9.827,-10.9,25.883,0.49,2.0
Ömnögovi,Nomgon,44.75,103.85,2015,5,15.129,-1.4,27.932,0.91,5.5
Ömnögovi,Nomgon,44.75,103.85,2015,6,19.617,6.5,23.947,0.0,53.7
Ömnögovi,Nomgon,44.75,103.85,2015,7,23.91,12.1,23.165,0.0,18.3
Ömnögovi,Nomgon,44.75,103.85,2015,8,23.842,10.9,22.416,0.0,5.1
Ömnögovi,Nomgon,44.75,103.85,2015,9,14.897,1.1,22.093,0.77,37.2
Ömnögovi,Nomgon,44.75,103.85,2015,10,7.394,-7.6,21.213,0.91,3.6
Ömnögovi,Nomgon,44.75,103.85,2015,11,-5.417,-23.6,15.657,2.8,3.4
Ömnögovi,Nomgon,44.75,103.85,2015,12,-11.335,-23.0,14.768,1.12,0.3
Ömnögovi,Nomgon,44.75,103.85,2016,1,-17.916,-28.5,14.097,0.77,0.1
Ömnögovi,Nomgon,44.75,103.85,2016,2,-9.31,-25.0,17.121,0.28,0.0
Ömnögovi,Nomgon,44.75,103.85,2016,3,1.858,-17.5,24.565,1.12,4.9
Ömnögovi,Nomgon,44.75,103.85,2016,4,10.943,-6.7,27.717,0.49,1.2
Ömnögovi,Nomgon,44.75,103.85,2016,5,14.939,-1.4,29.652,0.0,12.2
Ömnögovi,Nomgon,44.75,103.85,2016,6,19.36,8.1,22.65,0.0,44.8
Ömnögovi,Nomgon,44.75,103.85,2016,7,26.319,12.7,22.581,0.0,23.8
Ömnögovi,Nomgon,44.75,103.85,2016,8,25.194,7.6,24.006,0.0,2.6
Ömnögovi,Nomgon,44.75,103.85,2016,9,16.877,-0.5,21.643,0.0,12.5
Ömnögovi,Nomgon,44.75,103.85,2016,10,4.606,-14.4,20.397,0.0,10.0
Ömnögovi,Nomgon,44.75,103.85,2016,11,-4.673,-23.5,20.853,1.82,2.2
Ömnögovi,Nomgon,44.75,103.85,2016,12,-9.816,-20.4,15.977,1.82,2.1
Ömnögovi,Nomgon,44.75,103.85,2017,1,-15.477,-28.4,16.332,1.47,2.1
Ömnögovi,Nomgon,44.75,103.85,2017,2,-8.493,-26.1,18.436,1.54,2.2
Ömnögovi,Nomgon,44.75,103.85,2017,3,-0.723,-11.9,20.571,17.99,26.7
Ömnögovi,Nomgon,44.75,103.85,2017,4,10.093,-1.6,25.84,0.63,2.7
Ömnögovi,Nomgon,44.75,103.85,2017,5,17.848,-2.7,29.284,1.68,7.1
Ömnögovi,Nomgon,44.75,103.85,2017,6,24.177,10.4,28.897,0.0,6.6
Ömnögovi,Nomgon,44.75,103.85,2017,7,26.181,14.1,27.345,0.0,19.4
Ömnögovi,Nomgon,44.75,103.85,2017,8,22.277,8.8,25.232,0.0,13.0
Ömnögovi,Nomgon,44.75,103.85,2017,9,16.63,-1.8,27.38,0.0,2.1
Ömnögovi,Nomgon,44.75,103.85,2017,10,5.455,-9.7,19.132,0.28,0.5
Ömnögovi,Nomgon,44.75,103.85,2017,11,-4.737,-18.5,23.66,0.21,0.3
Ömnögovi,Nomgon,44.75,103.85,2017,12,-11.052,-22.4,18.897,0.14,0.1
Ömnögovi,Nomgon,44.75,103.85,2018,1,-17.132,-32.2,20.039,1.12,1.5
Ömnögovi,Nomgon,44.75,103.85,2018,2,-9.207,-23.7,21.986,0.77,1.1
Ömnögovi,Nomgon,44.75,103.85,2018,3,5.455,-12.9,29.061,0.14,0.4
Ömnögovi,Nomgon,44.75,103.85,2018,4,10.613,-7.2,30.15,1.4,5.2
Ömnögovi,Nomgon,44.75,103.85,2018,5,19.142,1.2,30.852,0.0,1.2
Ömnögovi,Nomgon,44.75,103.85,2018,6,24.16,7.7,27.993,0.0,2.9
Ömnögovi,Nomgon,44.75,103.85,2018,7,24.448,12.8,26.284,0.0,41.3
Ömnögovi,Nomgon,44.75,103.85,2018,8,20.565,10.1,19.361,0.0,57.9
Ömnögovi,Nomgon,44.75,103.85,2018,9,12.91,0.2,26.32,0.0,21.3
Ömnögovi,Nomgon,44.75,103.85,2018,10,5.765,-6.2,22.281,0.07,0.3
Ömnögovi,Nomgon,44.75,103.85,2018,11,-5.197,-19.0,20.96,1.05,1.5
Ömnögovi,Nomgon,44.75,103.85,2018,12,-16.616,-29.8,19.094,0.56,0.8
Ömnögovi,Nomgon,44.75,103.85,2019,1,-14.668,-27.5,17.89,0.21,0.3
Ömnögovi,Nomgon,44.75,103.85,2019,2,-14.204,-26.6,17.193,2.87,4.2
Ömnögovi,Nomgon,44.75,103.85,2019,3,0.806,-11.9,22.765,3.01,4.3
Ömnögovi,Nomgon,44.75,103.85,2019,4,11.02,-1.8,30.753,0.35,6.7
Ömnögovi,Nomgon,44.75,103.85,2019,5,14.526,-3.0,31.674,5.88,9.6
Ömnögovi,Nomgon,44.75,103.85,2019,6,23.537,11.5,29.353,0.0,2.3
Ömnögovi,Nomgon,44.75,103.85,2019,7,24.955,14.6,25.839,0.0,23.9
Ömnögovi,Nomgon,44.75,103.85,2019,8,22.387,10.6,21.439,0.0,25.3
Ömnögovi,Nomgon,44.75,103.85,2019,9,19.773,6.8,23.543,0.0,2.1
Ömnögovi,Nomgon,44.75,103.85,2019,10,5.858,-7.6,24.91,1.54,2.9
Ömnögovi,Nomgon,44.75,103.85,2019,11,-4.21,-21.0,21.447,0.28,0.4
Ömnögovi,Nomgon,44.75,103.85,2019,12,-12.252,-29.7,16.01,1.12,1.8
Ömnögovi,Nomgon,44.75,103.85,2020,1,-13.203,-23.8,14.19,0.28,0.4
Ömnögovi,Nomgon,44.75,103.85,2020,2,-6.476,-21.2,20.321,2.59,3.8
Ömnögovi,Nomgon,44.75,103.85,2020,3,1.668,-14.9,26.977,0.21,0.2
Ömnögovi,Nomgon,44.75,103.85,2020,4,11.25,-5.9,22.78,0.0,1.3
Ömnögovi,Nomgon,44.75,103.85,2020,5,16.813,1.8,28.648,0.0,4.8
Ömnögovi,Nomgon,44.75,103.85,2020,6,23.35,10.1,29.777,0.0,2.8
Ömnögovi,Nomgon,44.75,103.85,2020,7,25.474,15.1,28.042,0.0,6.3
Ömnögovi,Nomgon,44.75,103.85,2020,8,23.284,11.9,27.035,0.0,4.2
Ömnögovi,Nomgon,44.75,103.85,2020,9,16.947,4.0,23.803,0.0,5.7
Ömnögovi,Nomgon,44.75,103.85,2020,10,4.474,-6.5,24.413,0.14,0.2
Ömnögovi,Nomgon,44.75,103.85,2020,11,-4.34,-19.8,16.807,0.91,1.3
Ömnögovi,Nomgon,44.75,103.85,2020,12,-16.645,-29.2,16.9,0.28,0.4
Ömnögovi,Nomgon,44.75,103.85,2021,1,-14.461,-29.1,21.013,0.98,1.3
Ömnögovi,Nomgon,44.75,103.85,2021,2,-3.632,-21.2,23.643,0.28,0.4
Ömnögovi,Nomgon,44.75,103.85,2021,3,3.635,-13.4,25.416,0.84,1.2
Ömnögovi,Nomgon,44.75,103.85,2021,4,9.497,-4.7,29.1,0.84,16.4
Ömnögovi,Nomgon,44.75,103.85,2021,5,15.903,-0.2,36.135,0.0,2.2
Ömnögovi,Nomgon,44.75,103.85,2021,6,21.873,4.8,28.763,0.0,10.9
Ömnögovi,Nomgon,44.75,103.85,2021,7,23.9,13.9,22.529,0.0,74.7
Ömnögovi,Nomgon,44.75,103.85,2021,8,21.081,8.8,26.116,0.0,8.7
Ömnögovi,Nomgon,44.75,103.85,2021,9,17.263,2.8,23.763,0.0,1.5
Ömnögovi,Nomgon,44.75,103.85,2021,10,5.519,-5.4,19.758,0.42,2.8
Ömnögovi,Nomgon,44.75,103.85,2021,11,-4.793,-18.8,22.543,3.08,4.4
Ömnögovi,Nomgon,44.75,103.85,2021,12,-11.374,-23.4,17.803,0.56,0.8
Ömnögovi,Nomgon,44.75,103.85,2022,1,-13.384,-22.5,14.271,0.14,0.2
Ömnögovi,Nomgon,44.75,103.85,2022,2,-11.7,-24.1,17.036,1.89,2.5
Ömnögovi,Nomgon,44.75,103.85,2022,3,1.748,-12.0,30.165,0.98,1.3
Ömnögovi,Nomgon,44.75,103.85,2022,4,9.443,-4.2,31.45,1.05,2.4
Ömnögovi,Nomgon,44.75,103.85,2022,5,17.368,1.7,29.094,0.14,10.1
Ömnögovi,Nomgon,44.75,103.85,2022,6,24.04,9.8,29.177,0.0,1.7
Ömnögovi,Nomgon,44.75,103.85,2022,7,24.516,12.9,27.552,0.0,13.4
Ömnögovi,Nomgon,44.75,103.85,2022,8,23.139,7.6,27.91,0.0,9.9
Ömnögovi,Nomgon,44.75,103.85,2022,9,18.26,2.5,26.61,0.0,7.1
Ömnögovi,Nomgon,44.75,103.85,2022,10,4.681,-7.0,22.184,2.24,16.3
Ömnögovi,Nomgon,44.75,103.85,2022,11,-3.847,-23.5,19.713,0.28,0.4
Ömnögovi,Nomgon,44.75,103.85,2022,12,-14.713,-23.4,18.003,0.98,1.3
Ömnögovi,Nomgon,44.75,103.85,2023,1,-14.042,-28.0,20.503,1.33,2.0
Ömnögovi,Nomgon,44.75,103.85,2023,2,-6.429,-17.8,17.139,0.98,1.4
Ömnögovi,Nomgon,44.75,103.85,2023,3,1.984,-13.6,26.181,0.07,0.3
Ömnögovi,Nomgon,44.75,103.85,2023,4,6.997,-9.7,30.75,1.68,6.6
Ömnögovi,Nomgon,44.75,103.85,2023,5,15.148,2.5,33.152,0.0,13.0
Ömnögovi,Nomgon,44.75,103.85,2023,6,23.77,7.9,28.057,0.0,9.5
Ömnögovi,Nomgon,44.75,103.85,2023,7,24.226,12.4,26.626,0.0,31.9
Ömnögovi,Nomgon,44.75,103.85,2023,8,24.49,12.1,24.906,0.0,13.6
Ömnögovi,Nomgon,44.75,103.85,2023,9,17.117,2.0,25.26,0.0,14.9
Ömnögovi,Nomgon,44.75,103.85,2023,10,10.052,-0.2,21.41,0.0,0.4
Ömnögovi,Nomgon,44.75,103.85,2023,11,-5.463,-25.1,22.367,10.15,15.6
Ömnögovi,Nomgon,44.75,103.85,2023,12,-15.313,-34.8,19.51,6.93,9.8
Ömnögovi,Nomgon,44.75,103.85,2024,1,-15.929,-29.0,16.245,3.5,5.0
Ömnögovi,Nomgon,44.75,103.85,2024,2,-12.245,-26.0,19.462,0.49,0.7
Ömnögovi,Nomgon,44.75,103.85,2024,3,1.403,-15.2,22.194,0.77,1.5
Ömnögovi,Nomgon,44.75,103.85,2024,4,10.243,-3.2,30.407,9.8,18.9
Ömnögovi,Nomgon,44.75,103.85,2024,5,19.635,4.3,29.258,0.0,5.9
Ömnögovi,Nomgon,44.75,103.85,2024,6,23.557,11.2,28.403,0.0,6.9
Ömnögovi,Nomgon,44.75,103.85,2024,7,25.674,14.6,24.774,0.0,49.9
Ömnögovi,Nomgon,44.75,103.85,2024,8,22.006,12.3,22.332,0.0,81.0
Ömnögovi,Nomgon,44.75,103.85,2024,9,15.573,1.1,24.9,0.14,27.8
Ömnögovi,Nomgon,44.75,103.85,2024,10,7.177,-2.4,24.2,0.21,7.3
Ömnögovi,Nomgon,44.75,103.85,2024,11,-1.823,-15.4,21.143,0.98,1.4
Ömnögovi,Nomgon,44.75,103.85,2024,12,-12.535,-22.4,19.19,0.49,0.7
Ömnögovi,Noyon,42.775896,102.372763,2015,1,-8.781,-18.9,19.006,0.0,0.0
Ömnögovi,Noyon,42.775896,102.372763,2015,2,-5.964,-19.5,22.375,0.0,0.0
Ömnögovi,Noyon,42.775896,102.372763,2015,3,1.529,-14.5,28.194,0.28,0.1
Ömnögovi,Noyon,42.775896,102.372763,2015,4,9.183,-8.1,24.323,12.11,20.4
Ömnögovi,Noyon,42.775896,102.372763,2015,5,16.368,0.3,29.423,0.0,1.5
Ömnögovi,Noyon,42.775896,102.372763,2015,6,21.0,7.9,27.63,0.0,7.9
Ömnögovi,Noyon,42.775896,102.372763,2015,7,24.01,9.8,24.581,0.0,14.2
Ömnögovi,Noyon,42.775896,102.372763,2015,8,23.261,9.4,25.584,0.0,1.6
Ömnögovi,Noyon,42.775896,102.372763,2015,9,15.13,3.3,24.52,0.0,29.9
Ömnögovi,Noyon,42.775896,102.372763,2015,10,8.01,-7.3,22.287,0.0,2.3
Ömnögovi,Noyon,42.775896,102.372763,2015,11,-1.783,-16.3,18.627,3.78,4.3
Ömnögovi,Noyon,42.775896,102.372763,2015,12,-8.661,-19.3,18.142,0.49,0.7
Ömnögovi,Noyon,42.775896,102.372763,2016,1,-13.697,-24.5,18.871,0.84,0.5
Ömnögovi,Noyon,42.775896,102.372763,2016,2,-7.117,-21.2,21.055,0.0,0.1
Ömnögovi,Noyon,42.775896,102.372763,2016,3,2.648,-16.3,26.523,0.0,0.7
Ömnögovi,Noyon,42.775896,102.372763,2016,4,11.883,-2.7,30.247,0.0,0.1
Ömnögovi,Noyon,42.775896,102.372763,2016,5,15.09,-1.1,27.981,0.0,4.1
Ömnögovi,Noyon,42.775896,102.372763,2016,6,20.443,8.8,28.813,0.0,23.2
Ömnögovi,Noyon,42.775896,102.372763,2016,7,26.5,13.9,23.745,0.0,5.7
Ömnögovi,Noyon,42.775896,102.372763,2016,8,25.358,11.3,22.087,0.0,12.0
Ömnögovi,Noyon,42.775896,102.372763,2016,9,18.223,2.1,22.68,0.0,5.4
Ömnögovi,Noyon,42.775896,102.372763,2016,10,7.071,-12.4,25.865,0.07,0.9
Ömnögovi,Noyon,42.775896,102.372763,2016,11,-2.737,-19.7,24.85,0.07,0.0
Ömnögovi,Noyon,42.775896,102.372763,2016,12,-7.226,-18.5,17.445,0.7,0.4
Ömnögovi,Noyon,42.775896,102.372763,2017,1,-11.445,-23.8,23.252,0.56,0.8
Ömnögovi,Noyon,42.775896,102.372763,2017,2,-4.893,-17.8,21.782,2.03,3.1
Ömnögovi,Noyon,42.775896,102.372763,2017,3,0.765,-9.3,25.374,3.92,20.1
Ömnögovi,Noyon,42.775896,102.372763,2017,4,11.197,0.1,29.727,0.0,2.7
Ömnögovi,Noyon,42.775896,102.372763,2017,5,18.123,-4.8,32.835,0.21,7.2
Ömnögovi,Noyon,42.775896,102.372763,2017,6,23.57,11.1,29.21,0.0,4.2
Ömnögovi,Noyon,42.775896,102.372763,2017,7,26.158,13.5,28.958,0.0,8.1
Ömnögovi,Noyon,42.775896,102.372763,2017,8,22.597,9.5,26.187,0.0,13.0
Ömnögovi,Noyon,42.775896,102.372763,2017,9,17.343,1.2,28.2,0.0,5.5
Ömnögovi,Noyon,42.775896,102.372763,2017,10,6.474,-10.6,22.455,0.14,0.3
Ömnögovi,Noyon,42.775896,102.372763,2017,11,-3.667,-15.6,27.443,0.0,0.0
Ömnögovi,Noyon,42.775896,102.372763,2017,12,-9.977,-20.2,21.306,0.0,0.0
Ömnögovi,Noyon,42.775896,102.372763,2018,1,-15.135,-26.3,23.019,1.61,2.4
Ömnögovi,Noyon,42.775896,102.372763,2018,2,-8.036,-23.4,25.55,0.0,0.0
Ömnögovi,Noyon,42.775896,102.372763,2018,3,6.216,-8.7,32.106,1.26,4.4
Ömnögovi,Noyon,42.775896,102.372763,2018,4,11.56,-10.1,33.06,0.42,3.5
Ömnögovi,Noyon,42.775896,102.372763,2018,5,17.619,3.5,29.461,0.0,6.8
Ömnögovi,Noyon,42.775896,102.372763,2018,6,24.043,8.4,28.48,0.0,1.1
Ömnögovi,Noyon,42.775896,102.372763,2018,7,24.768,14.1,30.423,0.0,49.6
Ömnögovi,Noyon,42.775896,102.372763,2018,8,22.832,11.8,23.2,0.0,29.3
Ömnögovi,Noyon,42.775896,102.372763,2018,9,13.877,0.0,27.617,0.0,6.9
Ömnögovi,Noyon,42.775896,102.372763,2018,10,6.126,-5.8,24.51,0.0,1.8
Ömnögovi,Noyon,42.775896,102.372763,2018,11,-4.103,-15.5,25.28,0.77,1.3
Ömnögovi,Noyon,42.775896,102.372763,2018,12,-15.616,-28.0,22.842,1.05,1.4
Ömnögovi,Noyon,42.775896,102.372763,2019,1,-12.752,-21.8,21.052,0.0,0.0
Ömnögovi,Noyon,42.775896,102.372763,2019,2,-9.954,-21.5,23.082,1.96,2.8
Ömnögovi,Noyon,42.775896,102.372763,2019,3,2.081,-10.4,25.074,1.68,2.4
Ömnögovi,Noyon,42.775896,102.372763,2019,4,12.583,-1.7,30.707,3.57,6.9
Ömnögovi,Noyon,42.775896,102.372763,2019,5,14.69,-2.0,33.197,0.28,6.3
Ömnögovi,Noyon,42.775896,102.372763,2019,6,22.193,11.2,30.407,0.0,36.9
Ömnögovi,Noyon,42.775896,102.372763,2019,7,24.545,15.0,29.535,0.0,16.1
Ömnögovi,Noyon,42.775896,102.372763,2019,8,22.658,13.1,24.103,0.0,19.2
Ömnögovi,Noyon,42.775896,102.372763,2019,9,19.163,6.2,23.167,0.0,5.1
Ömnögovi,Noyon,42.775896,102.372763,2019,10,6.855,-7.8,26.806,0.56,2.2
Ömnögovi,Noyon,42.775896,102.372763,2019,11,-2.463,-16.8,26.097,0.0,0.0
Ömnögovi,Noyon,42.775896,102.372763,2019,12,-9.613,-23.5,22.526,0.0,0.0
Ömnögovi,Noyon,42.775896,102.372763,2020,1,-9.235,-20.0,20.71,0.56,0.8
Ömnögovi,Noyon,42.775896,102.372763,2020,2,-4.59,-18.0,24.817,2.52,3.6
Ömnögovi,Noyon,42.775896,102.372763,2020,3,2.181,-12.9,30.371,1.26,2.1
Ömnögovi,Noyon,42.775896,102.372763,2020,4,10.863,-5.5,24.52,0.07,0.2
Ömnögovi,Noyon,42.775896,102.372763,2020,5,16.758,5.1,31.665,0.0,7.5
Ömnögovi,Noyon,42.775896,102.372763,2020,6,22.953,11.0,29.73,0.0,2.7
Ömnögovi,Noyon,42.775896,102.372763,2020,7,25.49,13.7,28.526,0.0,5.7
Ömnögovi,Noyon,42.775896,102.372763,2020,8,22.765,10.1,30.339,0.0,8.8
Ömnögovi,Noyon,42.775896,102.372763,2020,9,17.273,4.1,24.743,0.0,7.9
Ömnögovi,Noyon,42.775896,102.372763,2020,10,4.59,-5.7,26.881,0.0,0.2
Ömnögovi,Noyon,42.775896,102.372763,2020,11,-2.813,-19.0,21.133,4.2,6.7
Ömnögovi,Noyon,42.775896,102.372763,2020,12,-16.555,-27.0,22.668,0.35,0.5
Ömnögovi,Noyon,42.775896,102.372763,2021,1,-12.229,-27.0,26.732,0.07,0.1
Ömnögovi,Noyon,42.775896,102.372763,2021,2,-1.793,-18.1,29.711,0.28,0.4
Ömnögovi,Noyon,42.775896,102.372763,2021,3,3.948,-11.1,26.765,0.0,0.0
Ömnögovi,Noyon,42.775896,102.372763,2021,4,9.537,-3.8,30.43,1.47,7.9
Ömnögovi,Noyon,42.775896,102.372763,2021,5,16.635,0.9,36.035,0.07,2.0
Ömnögovi,Noyon,42.775896,102.372763,2021,6,21.99,4.7,29.717,0.0,5.1
Ömnögovi,Noyon,42.775896,102.372763,2021,7,25.19,12.4,28.642,0.0,12.3
Ömnögovi,Noyon,42.775896,102.372763,2021,8,21.645,7.6,28.906,0.0,4.0
Ömnögovi,Noyon,42.775896,102.372763,2021,9,17.91,5.0,27.867,0.0,10.7
Ömnögovi,Noyon,42.775896,102.372763,2021,10,6.294,-4.3,22.339,0.0,1.0
Ömnögovi,Noyon,42.775896,102.372763,2021,11,-3.967,-16.8,24.467,3.43,4.7
Ömnögovi,Noyon,42.775896,102.372763,2021,12,-10.019,-23.2,21.335,0.0,0.0
Ömnögovi,Noyon,42.775896,102.372763,2022,1,-9.997,-21.0,19.652,0.07,0.1
Ömnögovi,Noyon,42.775896,102.372763,2022,2,-8.996,-20.2,22.396,2.59,3.7
Ömnögovi,Noyon,42.775896,102.372763,2022,3,3.226,-11.7,33.261,0.42,1.0
Ömnögovi,Noyon,42.775896,102.372763,2022,4,10.073,-4.1,34.2,1.54,5.1
Ömnögovi,Noyon,42.775896,102.372763,2022,5,17.7,1.3,33.91,0.35,3.6
Ömnögovi,Noyon,42.775896,102.372763,2022,6,24.423,8.2,30.323,0.0,8.7
Ömnögovi,Noyon,42.775896,102.372763,2022,7,25.158,10.9,34.284,0.0,9.8
Ömnögovi,Noyon,42.775896,102.372763,2022,8,24.219,9.6,25.616,0.0,6.6
Ömnögovi,Noyon,42.775896,102.372763,2022,9,18.643,4.7,26.44,0.0,3.2
Ömnögovi,Noyon,42.775896,102.372763,2022,10,6.171,-8.8,25.919,0.0,6.4
Ömnögovi,Noyon,42.775896,102.372763,2022,11,-2.677,-25.7,25.217,0.98,1.6
Ömnögovi,Noyon,42.775896,102.372763,2022,12,-13.326,-21.8,22.006,0.49,0.6
Ömnögovi,Noyon,42.775896,102.372763,2023,1,-12.332,-27.3,24.942,2.38,3.3
Ömnögovi,Noyon,42.775896,102.372763,2023,2,-4.157,-14.4,20.114,1.12,1.6
Ömnögovi,Noyon,42.775896,102.372763,2023,3,3.426,-10.6,29.887,0.0,0.0
Ömnögovi,Noyon,42.775896,102.372763,2023,4,8.28,-5.8,34.153,4.48,8.1
Ömnögovi,Noyon,42.775896,102.372763,2023,5,15.6,3.7,35.471,0.0,19.4
Ömnögovi,Noyon,42.775896,102.372763,2023,6,24.26,7.7,30.08,0.0,4.9
Ömnögovi,Noyon,42.775896,102.372763,2023,7,25.765,11.4,32.061,0.0,21.9
Ömnögovi,Noyon,42.775896,102.372763,2023,8,25.013,12.4,28.948,0.0,7.4
Ömnögovi,Noyon,42.775896,102.372763,2023,9,17.653,-0.5,29.003,0.0,10.3
Ömnögovi,Noyon,42.775896,102.372763,2023,10,10.697,1.0,24.942,0.0,0.2
Ömnögovi,Noyon,42.775896,102.372763,2023,11,-3.677,-18.4,27.123,0.07,0.2
Ömnögovi,Noyon,42.775896,102.372763,2023,12,-10.487,-25.4,23.329,1.33,1.9
Ömnögovi,Noyon,42.775896,102.372763,2024,1,-10.49,-22.5,21.681,1.61,2.3
Ömnögovi,Noyon,42.775896,102.372763,2024,2,-8.103,-21.9,23.445,1.47,2.1
Ömnögovi,Noyon,42.775896,102.372763,2024,3,3.503,-14.1,27.781,1.12,2.0
Ömnögovi,Noyon,42.775896,102.372763,2024,4,10.787,-0.2,32.347,2.38,25.7
Ömnögovi,Noyon,42.775896,102.372763,2024,5,20.861,4.1,29.552,0.0,0.8
Ömnögovi,Noyon,42.775896,102.372763,2024,6,23.593,11.8,29.76,0.0,11.0
Ömnögovi,Noyon,42.775896,102.372763,2024,7,25.79,14.6,26.265,0.0,21.8
Ömnögovi,Noyon,42.775896,102.372763,2024,8,23.923,13.4,27.568,0.0,21.3
Ömnögovi,Noyon,42.775896,102.372763,2024,9,15.527,0.4,23.277,0.0,53.4
Ömnögovi,Noyon,42.775896,102.372763,2024,10,8.677,-2.9,26.242,0.14,2.8
Ömnögovi,Noyon,42.775896,102.372763,2024,11,-0.59,-15.1,21.82,0.49,0.7
Ömnögovi,Noyon,42.775896,102.372763,2024,12,-11.49,-20.1,21.429,0.7,1.0
Ömnögovi,Khanbogd,43.08,106.83,2015,1,-8.371,-21.2,21.871,0.28,0.0
Ömnögovi,Khanbogd,43.08,106.83,2015,2,-6.121,-19.6,22.832,0.0,0.0
Ömnögovi,Khanbogd,43.08,106.83,2015,3,1.126,-15.5,27.881,1.33,1.8
Ömnögovi,Khanbogd,43.08,106.83,2015,4,9.187,-8.9,28.61,5.18,10.1
Ömnögovi,Khanbogd,43.08,106.83,2015,5,15.332,-0.4,30.513,0.63,2.1
Ömnögovi,Khanbogd,43.08,106.83,2015,6,19.847,7.8,28.027,0.0,23.8
Ömnögovi,Khanbogd,43.08,106.83,2015,7,24.232,11.7,22.813,0.0,23.0
Ömnögovi,Khanbogd,43.08,106.83,2015,8,23.103,11.2,25.726,0.0,3.0
Ömnögovi,Khanbogd,43.08,106.83,2015,9,15.867,2.1,25.777,0.0,30.4
Ömnögovi,Khanbogd,43.08,106.83,2015,10,7.994,-6.2,25.526,0.07,1.0
Ömnögovi,Khanbogd,43.08,106.83,2015,11,-3.783,-19.5,21.923,0.91,0.2
Ömnögovi,Khanbogd,43.08,106.83,2015,12,-10.119,-19.9,21.674,0.28,0.0
Ömnögovi,Khanbogd,43.08,106.83,2016,1,-15.416,-27.9,20.5,0.56,0.0
Ömnögovi,Khanbogd,43.08,106.83,2016,2,-7.407,-19.4,23.931,1.05,1.2
Ömnögovi,Khanbogd,43.08,106.83,2016,3,1.897,-16.7,29.106,0.0,0.7
Ömnögovi,Khanbogd,43.08,106.83,2016,4,10.91,-4.0,28.85,0.0,0.0
Ömnögovi,Khanbogd,43.08,106.83,2016,5,14.4,-1.1,31.6,0.0,24.9
Ömnögovi,Khanbogd,43.08,106.83,2016,6,19.717,8.5,24.693,0.0,41.6
Ömnögovi,Khanbogd,43.08,106.83,2016,7,26.155,14.3,23.619,0.0,11.8
Ömnögovi,Khanbogd,43.08,106.83,2016,8,25.355,8.6,24.926,0.0,14.4
Ömnögovi,Khanbogd,43.08,106.83,2016,9,16.873,-0.5,21.85,0.0,5.7
Ömnögovi,Khanbogd,43.08,106.83,2016,10,6.861,-13.5,26.194,0.56,8.6
Ömnögovi,Khanbogd,43.08,106.83,2016,11,-3.073,-20.1,25.88,0.42,0.5
Ömnögovi,Khanbogd,43.08,106.83,2016,12,-7.368,-18.7,21.852,0.35,0.0
Ömnögovi,Khanbogd,43.08,106.83,2017,1,-11.526,-24.9,24.313,0.63,0.9
Ömnögovi,Khanbogd,43.08,106.83,2017,2,-5.918,-20.5,24.604,3.5,5.1
Ömnögovi,Khanbogd,43.08,106.83,2017,3,0.355,-12.6,23.981,9.03,14.7
Ömnögovi,Khanbogd,43.08,106.83,2017,4,10.323,-2.3,28.413,0.0,3.7
Ömnögovi,Khanbogd,43.08,106.83,2017,5,18.368,-2.8,32.397,0.07,1.5
Ömnögovi,Khanbogd,43.08,106.83,2017,6,23.11,8.6,28.927,0.0,11.1
Ömnögovi,Khanbogd,43.08,106.83,2017,7,26.397,12.4,27.255,0.0,12.0
Ömnögovi,Khanbogd,43.08,106.83,2017,8,22.123,9.4,25.79,0.0,17.0
Ömnögovi,Khanbogd,43.08,106.83,2017,9,17.697,-0.1,27.1,0.0,1.0
Ömnögovi,Khanbogd,43.08,106.83,2017,10,6.361,-9.7,23.694,0.42,1.0
Ömnögovi,Khanbogd,43.08,106.83,2017,11,-3.853,-16.1,27.587,0.07,0.1
Ömnögovi,Khanbogd,43.08,106.83,2017,12,-9.258,-20.1,23.268,0.21,0.3
Ömnögovi,Khanbogd,43.08,106.83,2018,1,-14.877,-30.6,24.568,1.26,1.7
Ömnögovi,Khanbogd,43.08,106.83,2018,2,-8.261,-21.8,25.936,0.07,0.1
Ömnögovi,Khanbogd,43.08,106.83,2018,3,5.255,-10.9,31.445,1.33,2.1
Ömnögovi,Khanbogd,43.08,106.83,2018,4,10.593,-7.9,33.38,0.49,3.8
Ömnögovi,Khanbogd,43.08,106.83,2018,5,18.348,3.3,28.719,0.0,1.9
Ömnögovi,Khanbogd,43.08,106.83,2018,6,23.51,8.1,28.74,0.0,2.9
Ömnögovi,Khanbogd,43.08,106.83,2018,7,24.568,13.8,24.687,0.0,54.9
Ömnögovi,Khanbogd,43.08,106.83,2018,8,22.477,12.1,21.184,0.0,33.7
Ömnögovi,Khanbogd,43.08,106.83,2018,9,14.003,0.1,29.507,0.14,8.3
Ömnögovi,Khanbogd,43.08,106.83,2018,10,5.955,-4.9,25.274,0.35,0.7
Ömnögovi,Khanbogd,43.08,106.83,2018,11,-3.21,-14.9,24.99,0.7,1.2
Ömnögovi,Khanbogd,43.08,106.83,2018,12,-14.61,-27.3,24.661,0.28,0.2
Ömnögovi,Khanbogd,43.08,106.83,2019,1,-12.629,-23.9,23.097,0.0,0.0
Ömnögovi,Khanbogd,43.08,106.83,2019,2,-11.65,-27.5,21.693,3.15,4.5
Ömnögovi,Khanbogd,43.08,106.83,2019,3,1.726,-11.9,25.642,1.89,2.7
Ömnögovi,Khanbogd,43.08,106.83,2019,4,10.677,-2.0,30.727,0.07,2.7
Ömnögovi,Khanbogd,43.08,106.83,2019,5,14.455,-0.2,31.694,2.87,30.0
Ömnögovi,Khanbogd,43.08,106.83,2019,6,22.843,10.7,29.963,0.0,2.5
Ömnögovi,Khanbogd,43.08,106.83,2019,7,25.3,12.1,28.413,0.0,3.5
Ömnögovi,Khanbogd,43.08,106.83,2019,8,22.132,10.9,25.552,0.0,14.6
Ömnögovi,Khanbogd,43.08,106.83,2019,9,19.45,6.1,24.04,0.0,5.5
Ömnögovi,Khanbogd,43.08,106.83,2019,10,5.416,-7.3,25.155,7.21,26.2
Ömnögovi,Khanbogd,43.08,106.83,2019,11,-2.53,-19.1,25.42,0.0,0.0
Ömnögovi,Khanbogd,43.08,106.83,2019,12,-10.042,-28.4,22.687,0.21,0.3
Ömnögovi,Khanbogd,43.08,106.83,2020,1,-9.829,-20.9,19.239,0.28,0.4
Ömnögovi,Khanbogd,43.08,106.83,2020,2,-5.279,-19.1,24.803,2.31,3.2
Ömnögovi,Khanbogd,43.08,106.83,2020,3,2.052,-15.8,28.171,2.87,5.2
Ömnögovi,Khanbogd,43.08,106.83,2020,4,9.943,-6.9,26.25,0.0,1.1
Ömnögovi,Khanbogd,43.08,106.83,2020,5,16.368,2.8,32.519,0.07,5.9
Ömnögovi,Khanbogd,43.08,106.83,2020,6,23.037,10.1,29.76,0.0,3.5
Ömnögovi,Khanbogd,43.08,106.83,2020,7,25.235,14.2,24.826,0.0,9.7
Ömnögovi,Khanbogd,43.08,106.83,2020,8,21.7,11.4,26.129,0.0,54.0
Ömnögovi,Khanbogd,43.08,106.83,2020,9,16.237,2.5,25.74,0.0,7.5
Ömnögovi,Khanbogd,43.08,106.83,2020,10,5.035,-5.2,28.235,0.21,0.3
Ömnögovi,Khanbogd,43.08,106.83,2020,11,-2.827,-18.0,21.243,1.12,1.5
Ömnögovi,Khanbogd,43.08,106.83,2020,12,-14.519,-26.8,23.842,0.21,0.3
Ömnögovi,Khanbogd,43.08,106.83,2021,1,-11.981,-29.0,25.797,0.0,0.0
Ömnögovi,Khanbogd,43.08,106.83,2021,2,-2.671,-20.0,26.636,3.64,5.2
Ömnögovi,Khanbogd,43.08,106.83,2021,3,3.706,-11.3,28.19,0.49,0.7
Ömnögovi,Khanbogd,43.08,106.83,2021,4,9.477,-4.3,31.997,0.35,4.7
Ömnögovi,Khanbogd,43.08,106.83,2021,5,14.887,0.1,34.974,0.0,7.4
Ömnögovi,Khanbogd,43.08,106.83,2021,6,21.767,4.9,28.863,0.0,14.3
Ömnögovi,Khanbogd,43.08,106.83,2021,7,24.194,12.6,22.981,0.0,33.3
Ömnögovi,Khanbogd,43.08,106.83,2021,8,20.887,8.6,26.987,0.0,8.0
Ömnögovi,Khanbogd,43.08,106.83,2021,9,17.17,3.4,23.917,0.0,17.9
Ömnögovi,Khanbogd,43.08,106.83,2021,10,5.926,-7.5,21.79,0.0,1.4
Ömnögovi,Khanbogd,43.08,106.83,2021,11,-2.84,-17.5,26.41,2.31,3.1
Ömnögovi,Khanbogd,43.08,106.83,2021,12,-9.242,-24.0,24.319,0.0,0.0
Ömnögovi,Khanbogd,43.08,106.83,2022,1,-11.061,-21.5,20.768,0.84,1.1
Ömnögovi,Khanbogd,43.08,106.83,2022,2,-10.289,-22.8,21.507,2.59,3.8
Ömnögovi,Khanbogd,43.08,106.83,2022,3,2.194,-11.1,31.506,0.63,0.9
Ömnögovi,Khanbogd,43.08,106.83,2022,4,9.64,-3.0,33.36,0.42,1.9
Ömnögovi,Khanbogd,43.08,106.83,2022,5,16.377,0.1,31.352,0.0,8.9
Ömnögovi,Khanbogd,43.08,106.83,2022,6,22.727,8.9,29.41,0.0,5.4
Ömnögovi,Khanbogd,43.08,106.83,2022,7,24.819,12.7,29.787,0.0,16.4
Ömnögovi,Khanbogd,43.08,106.83,2022,8,22.906,9.4,27.265,0.0,5.0
Ömnögovi,Khanbogd,43.08,106.83,2022,9,18.67,3.2,29.2,0.0,0.2
Ömnögovi,Khanbogd,43.08,106.83,2022,10,6.09,-7.1,26.932,0.07,1.5
Ömnögovi,Khanbogd,43.08,106.83,2022,11,-2.343,-24.9,23.467,2.45,3.5
Ömnögovi,Khanbogd,43.08,106.83,2022,12,-13.316,-22.6,22.865,0.14,0.2
Ömnögovi,Khanbogd,43.08,106.83,2023,1,-11.935,-27.7,26.526,1.54,2.3
Ömnögovi,Khanbogd,43.08,106.83,2023,2,-4.993,-18.2,21.139,2.45,3.5
Ömnögovi,Khanbogd,43.08,106.83,2023,3,2.729,-13.6,28.887,0.07,1.3
Ömnögovi,Khanbogd,43.08,106.83,2023,4,7.657,-7.5,33.093,0.84,4.7
Ömnögovi,Khanbogd,43.08,106.83,2023,5,15.213,2.5,32.055,0.0,14.4
Ömnögovi,Khanbogd,43.08,106.83,2023,6,23.66,7.9,28.847,0.0,2.2
Ömnögovi,Khanbogd,43.08,106.83,2023,7,24.361,13.9,29.748,0.0,20.3
Ömnögovi,Khanbogd,43.08,106.83,2023,8,24.677,11.4,26.823,0.0,2.1
Ömnögovi,Khanbogd,43.08,106.83,2023,9,18.18,2.6,25.413,0.0,10.2
Ömnögovi,Khanbogd,43.08,106.83,2023,10,10.365,-1.0,23.819,0.0,1.7
Ömnögovi,Khanbogd,43.08,106.83,2023,11,-3.907,-20.2,27.11,1.54,2.1
Ömnögovi,Khanbogd,43.08,106.83,2023,12,-11.403,-26.3,28.155,2.38,3.6
Ömnögovi,Khanbogd,43.08,106.83,2024,1,-11.432,-23.0,22.8,3.92,5.5
Ömnögovi,Khanbogd,43.08,106.83,2024,2,-9.483,-21.8,23.641,3.08,4.6
Ömnögovi,Khanbogd,43.08,106.83,2024,3,2.323,-14.1,28.135,0.0,0.2
Ömnögovi,Khanbogd,43.08,106.83,2024,4,10.933,-0.8,32.91,7.28,15.1
Ömnögovi,Khanbogd,43.08,106.83,2024,5,19.265,5.7,29.084,0.0,2.2
Ömnögovi,Khanbogd,43.08,106.83,2024,6,22.997,11.1,30.39,0.0,8.7
Ömnögovi,Khanbogd,43.08,106.83,2024,7,25.523,13.1,24.281,0.0,26.6
Ömnögovi,Khanbogd,43.08,106.83,2024,8,23.452,13.2,23.971,0.0,33.0
Ömnögovi,Khanbogd,43.08,106.83,2024,9,14.293,1.3,25.507,0.07,89.8
Ömnögovi,Khanbogd,43.08,106.83,2024,10,7.645,-5.0,27.055,0.0,5.6
Ömnögovi,Khanbogd,43.08,106.83,2024,11,0.287,-12.4,24.947,0.35,1.2
Ömnögovi,Khanbogd,43.08,106.83,2024,12,-10.906,-19.4,25.416,0.21,0.3
Ömnögovi,Sevrei,44.38,102.73,2015,1,-11.371,-21.8,19.732,0.84,0.6
Ömnögovi,Sevrei,44.38,102.73,2015,2,-9.7,-23.0,19.661,1.12,0.4
Ömnögovi,Sevrei,44.38,102.73,2015,3,-3.294,-17.7,23.106,4.06,4.9
Ömnögovi,Sevrei,44.38,102.73,2015,4,5.407,-12.8,23.307,4.55,8.8
Ömnögovi,Sevrei,44.38,102.73,2015,5,10.742,-3.6,24.561,3.57,9.9
Ömnögovi,Sevrei,44.38,102.73,2015,6,14.783,1.1,20.737,4.34,65.0
Ömnögovi,Sevrei,44.38,102.73,2015,7,18.994,7.5,21.4,0.0,30.5
Ömnögovi,Sevrei,44.38,102.73,2015,8,18.935,5.6,20.052,0.0,7.2
Ömnögovi,Sevrei,44.38,102.73,2015,9,10.633,-2.9,21.467,5.67,46.9
Ömnögovi,Sevrei,44.38,102.73,2015,10,3.765,-11.0,20.755,3.22,4.5
Ömnögovi,Sevrei,44.38,102.73,2015,11,-6.957,-24.3,17.693,5.18,4.9
Ömnögovi,Sevrei,44.38,102.73,2015,12,-13.126,-24.1,19.481,0.98,0.1
Ömnögovi,Sevrei,44.38,102.73,2016,1,-18.532,-30.7,15.074,0.91,0.4
Ömnögovi,Sevrei,44.38,102.73,2016,2,-11.103,-22.8,19.614,1.75,1.4
Ömnögovi,Sevrei,44.38,102.73,2016,3,-2.032,-19.5,23.365,3.5,9.5
Ömnögovi,Sevrei,44.38,102.73,2016,4,6.657,-6.8,24.957,0.0,1.2
Ömnögovi,Sevrei,44.38,102.73,2016,5,10.148,-4.8,26.884,1.26,17.8
Ömnögovi,Sevrei,44.38,102.73,2016,6,14.153,4.2,20.563,0.0,96.2
Ömnögovi,Sevrei,44.38,102.73,2016,7,20.277,10.4,16.887,0.0,96.2
Ömnögovi,Sevrei,44.38,102.73,2016,8,20.219,5.0,17.023,0.0,15.1
Ömnögovi,Sevrei,44.38,102.73,2016,9,12.74,-0.3,17.73,0.0,28.9
Ömnögovi,Sevrei,44.38,102.73,2016,10,1.69,-14.4,22.503,4.27,14.7
Ömnögovi,Sevrei,44.38,102.73,2016,11,-6.517,-21.6,22.48,3.22,4.2
Ömnögovi,Sevrei,44.38,102.73,2016,12,-9.861,-20.1,20.0,2.45,2.8
Ömnögovi,Sevrei,44.38,102.73,2017,1,-15.826,-30.3,24.232,2.03,3.0
Ömnögovi,Sevrei,44.38,102.73,2017,2,-9.986,-24.6,23.807,3.36,4.7
Ömnögovi,Sevrei,44.38,102.73,2017,3,-5.129,-13.4,22.671,25.06,35.7
Ömnögovi,Sevrei,44.38,102.73,2017,4,4.757,-5.7,24.087,2.31,7.3
Ömnögovi,Sevrei,44.38,102.73,2017,5,12.084,-6.1,29.842,6.09,28.0
Ömnögovi,Sevrei,44.38,102.73,2017,6,18.243,6.5,27.427,0.0,13.3
Ömnögovi,Sevrei,44.38,102.73,2017,7,20.981,11.8,25.332,0.0,26.2
Ömnögovi,Sevrei,44.38,102.73,2017,8,17.065,6.2,24.261,0.0,11.5
Ömnögovi,Sevrei,44.38,102.73,2017,9,11.837,-3.7,28.627,0.0,10.5
Ömnögovi,Sevrei,44.38,102.73,2017,10,1.468,-12.1,23.939,3.01,4.3
Ömnögovi,Sevrei,44.38,102.73,2017,11,-8.233,-19.0,27.01,1.33,1.9
Ömnögovi,Sevrei,44.38,102.73,2017,12,-12.568,-22.8,21.752,0.07,0.1
Ömnögovi,Sevrei,44.38,102.73,2018,1,-19.271,-30.9,22.813,2.87,4.0
Ömnögovi,Sevrei,44.38,102.73,2018,2,-12.843,-25.9,21.575,0.14,0.2
Ömnögovi,Sevrei,44.38,102.73,2018,3,0.581,-14.3,30.829,2.03,3.1
Ömnögovi,Sevrei,44.38,102.73,2018,4,5.37,-11.7,31.13,5.39,10.3
Ömnögovi,Sevrei,44.38,102.73,2018,5,12.868,0.0,30.887,0.35,1.2
Ömnögovi,Sevrei,44.38,102.73,2018,6,18.283,4.9,26.81,0.0,8.6
Ömnögovi,Sevrei,44.38,102.73,2018,7,18.868,9.7,27.519,0.0,72.1
Ömnögovi,Sevrei,44.38,102.73,2018,8,16.758,7.4,18.697,0.0,68.4
Ömnögovi,Sevrei,44.38,102.73,2018,9,7.61,-6.2,26.787,11.27,36.5
Ömnögovi,Sevrei,44.38,102.73,2018,10,1.771,-7.8,24.561,0.63,0.9
Ömnögovi,Sevrei,44.38,102.73,2018,11,-8.767,-18.4,24.523,2.31,3.3
Ömnögovi,Sevrei,44.38,102.73,2018,12,-18.661,-28.5,23.752,0.56,0.8
Ömnögovi,Sevrei,44.38,102.73,2019,1,-16.074,-25.4,23.287,0.28,0.3
Ömnögovi,Sevrei,44.38,102.73,2019,2,-16.443,-28.9,21.604,5.81,8.1
Ömnögovi,Sevrei,44.38,102.73,2019,3,-3.513,-13.8,23.035,8.54,12.2
Ömnögovi,Sevrei,44.38,102.73,2019,4,6.047,-5.6,28.997,9.03,14.9
Ömnögovi,Sevrei,44.38,102.73,2019,5,7.871,-7.8,30.039,18.48,28.6
Ömnögovi,Sevrei,44.38,102.73,2019,6,17.297,6.9,26.943,0.0,18.0
Ömnögovi,Sevrei,44.38,102.73,2019,7,18.884,9.3,25.406,0.0,36.5
Ömnögovi,Sevrei,44.38,102.73,2019,8,17.384,7.2,22.271,0.0,43.7
Ömnögovi,Sevrei,44.38,102.73,2019,9,14.5,2.0,23.897,0.0,2.6
Ömnögovi,Sevrei,44.38,102.73,2019,10,1.032,-15.4,25.742,5.53,8.1
Ömnögovi,Sevrei,44.38,102.73,2019,11,-7.55,-21.7,26.403,1.47,2.1
Ömnögovi,Sevrei,44.38,102.73,2019,12,-13.313,-26.5,21.206,2.1,2.9
Ömnögovi,Sevrei,44.38,102.73,2020,1,-12.719,-20.7,19.616,0.84,1.4
Ömnögovi,Sevrei,44.38,102.73,2020,2,-9.155,-22.2,24.845,2.1,2.9
Ömnögovi,Sevrei,44.38,102.73,2020,3,-3.535,-17.0,28.271,6.02,8.5
Ömnögovi,Sevrei,44.38,102.73,2020,4,6.353,-10.7,24.457,1.89,3.3
Ömnögovi,Sevrei,44.38,102.73,2020,5,11.045,-2.2,28.413,0.91,12.0
Ömnögovi,Sevrei,44.38,102.73,2020,6,17.357,4.2,27.823,1.19,10.6
Ömnögovi,Sevrei,44.38,102.73,2020,7,19.539,8.6,25.639,0.0,17.7
Ömnögovi,Sevrei,44.38,102.73,2020,8,17.623,7.5,26.945,0.0,16.4
Ömnögovi,Sevrei,44.38,102.73,2020,9,12.083,0.3,25.443,2.1,10.3
Ömnögovi,Sevrei,44.38,102.73,2020,10,0.042,-8.7,27.997,1.68,2.4
Ömnögovi,Sevrei,44.38,102.73,2020,11,-6.293,-18.9,21.553,1.82,2.6
Ömnögovi,Sevrei,44.38,102.73,2020,12,-18.606,-28.5,21.965,0.91,1.2
Ömnögovi,Sevrei,44.38,102.73,2021,1,-16.681,-30.4,22.065,1.12,1.6
Ömnögovi,Sevrei,44.38,102.73,2021,2,-7.446,-22.0,25.818,0.84,1.4
Ömnögovi,Sevrei,44.38,102.73,2021,3,-1.123,-16.0,28.835,3.43,4.9
Ömnögovi,Sevrei,44.38,102.73,2021,4,3.69,-9.6,29.67,8.61,15.6
Ömnögovi,Sevrei,44.38,102.73,2021,5,10.416,-5.2,32.919,0.7,4.8
Ömnögovi,Sevrei,44.38,102.73,2021,6,16.393,-0.2,28.83,0.7,12.5
Ömnögovi,Sevrei,44.38,102.73,2021,7,18.132,8.8,22.806,0.0,99.3
Ömnögovi,Sevrei,44.38,102.73,2021,8,15.571,4.2,26.229,0.0,11.4
Ömnögovi,Sevrei,44.38,102.73,2021,9,12.493,-1.4,26.313,0.35,10.1
Ömnögovi,Sevrei,44.38,102.73,2021,10,1.255,-10.4,21.906,5.39,8.7
Ömnögovi,Sevrei,44.38,102.73,2021,11,-9.053,-22.4,24.927,6.79,9.7
Ömnögovi,Sevrei,44.38,102.73,2021,12,-13.187,-23.0,21.074,1.26,1.7
Ömnögovi,Sevrei,44.38,102.73,2022,1,-13.426,-21.1,20.81,1.05,1.4
Ömnögovi,Sevrei,44.38,102.73,2022,2,-14.614,-27.8,20.982,5.6,8.0
Ömnögovi,Sevrei,44.38,102.73,2022,3,-3.387,-17.0,29.958,2.66,3.8
Ömnögovi,Sevrei,44.38,102.73,2022,4,3.47,-7.5,31.927,17.36,26.8
Ömnögovi,Sevrei,44.38,102.73,2022,5,11.968,-3.1,29.613,1.12,18.9
Ömnögovi,Sevrei,44.38,102.73,2022,6,18.69,4.7,27.58,0.0,14.5
Ömnögovi,Sevrei,44.38,102.73,2022,7,19.161,6.4,27.406,0.0,17.9
Ömnögovi,Sevrei,44.38,102.73,2022,8,18.187,4.8,28.884,0.0,12.7
Ömnögovi,Sevrei,44.38,102.73,2022,9,13.307,0.5,27.633,0.28,12.0
Ömnögovi,Sevrei,44.38,102.73,2022,10,0.974,-8.4,26.494,3.43,15.5
Ömnögovi,Sevrei,44.38,102.73,2022,11,-7.78,-34.0,23.967,6.51,9.2
Ömnögovi,Sevrei,44.38,102.73,2022,12,-17.645,-27.0,21.771,2.59,3.6
Ömnögovi,Sevrei,44.38,102.73,2023,1,-17.813,-31.5,24.177,3.43,4.9
Ömnögovi,Sevrei,44.38,102.73,2023,2,-10.396,-20.2,22.118,6.72,9.5
Ömnögovi,Sevrei,44.38,102.73,2023,3,-2.265,-17.1,28.268,1.61,2.3
Ömnögovi,Sevrei,44.38,102.73,2023,4,1.603,-15.8,31.127,6.65,11.4
Ömnögovi,Sevrei,44.38,102.73,2023,5,9.103,-3.0,33.123,3.99,36.9
Ömnögovi,Sevrei,44.38,102.73,2023,6,18.293,1.8,25.76,0.0,21.2
Ömnögovi,Sevrei,44.38,102.73,2023,7,19.648,7.4,27.59,0.0,36.5
Ömnögovi,Sevrei,44.38,102.73,2023,8,19.181,8.3,24.632,0.0,19.1
Ömnögovi,Sevrei,44.38,102.73,2023,9,11.59,-5.1,25.997,2.38,21.4
Ömnögovi,Sevrei,44.38,102.73,2023,10,5.561,-2.5,24.139,0.07,0.1
Ömnögovi,Sevrei,44.38,102.73,2023,11,-8.517,-26.1,25.743,8.68,12.3
Ömnögovi,Sevrei,44.38,102.73,2023,12,-15.694,-33.0,24.735,6.79,9.8
Ömnögovi,Sevrei,44.38,102.73,2024,1,-14.355,-28.8,21.458,3.85,5.4
Ömnögovi,Sevrei,44.38,102.73,2024,2,-12.903,-25.4,23.431,2.73,3.9
Ömnögovi,Sevrei,44.38,102.73,2024,3,-1.955,-18.0,26.69,0.84,1.3
Ömnögovi,Sevrei,44.38,102.73,2024,4,4.303,-9.1,31.063,20.72,31.7
Ömnögovi,Sevrei,44.38,102.73,2024,5,14.487,1.6,28.116,3.08,18.4
Ömnögovi,Sevrei,44.38,102.73,2024,6,17.68,6.8,27.247,0.0,22.1
Ömnögovi,Sevrei,44.38,102.73,2024,7,20.439,11.7,23.352,0.0,62.8
Ömnögovi,Sevrei,44.38,102.73,2024,8,17.413,8.5,22.529,0.0,105.7
Ömnögovi,Sevrei,44.38,102.73,2024,9,10.557,-4.2,26.353,4.97,42.2
Ömnögovi,Sevrei,44.38,102.73,2024,10,3.019,-5.7,28.003,3.36,7.1
Ömnögovi,Sevrei,44.38,102.73,2024,11,-5.43,-21.6,23.743,4.76,6.8
Ömnögovi,Sevrei,44.38,102.73,2024,12,-15.881,-25.8,20.774,2.45,3.4
